provider_id,provider_name,service_category,baseline_paid_amount,simulated_paid_amount,baseline_benchmark_variance,simulated_benchmark_variance,member_months,total_claims,dollar_impact,percent_impact,pmpm_impact,benchmark_variance_impact,scenario_name,risk_rank,affected_provider_flag,scenario_type
PRV004,Provider Group 04,Inpatient,563438.09,535266.1855,134885.1,103106.81149999997,9591,58,-28171.904499999946,-0.049999999999999906,-2.9373271296006616,-31778.28850000004,Provider contract change -5%,1,1,provider_contract_change
PRV039,Provider Group 39,Inpatient,362655.6,344522.82,51627.41,30908.860499999973,9600,55,-18132.77999999997,-0.04999999999999992,-1.8888312499999969,-20718.54950000003,Provider contract change -5%,2,1,provider_contract_change
PRV017,Provider Group 17,Inpatient,356851.49,339008.9155,57211.530000000006,36857.12299999999,9564,50,-17842.574499999988,-0.04999999999999997,-1.8655975010455863,-20354.407000000014,Provider contract change -5%,3,1,provider_contract_change
PRV009,Provider Group 09,Inpatient,352901.76,335256.67199999996,65558.58,45715.46999999999,9567,57,-17645.088000000047,-0.050000000000000135,-1.8443700219504595,-19843.110000000015,Provider contract change -5%,4,1,provider_contract_change
PRV029,Provider Group 29,Inpatient,344610.77999999997,327380.241,53919.52,33891.15899999998,9582,59,-17230.53899999999,-0.049999999999999975,-1.7982194740137747,-20028.36100000002,Provider contract change -5%,5,1,provider_contract_change
PRV004,Provider Group 04,Outpatient,175281.42,166517.349,50784.28,40556.252499999995,9498,93,-8764.071000000025,-0.05000000000000014,-0.9227280480101101,-10228.027500000004,Provider contract change -5%,6,1,provider_contract_change
PRV017,Provider Group 17,Outpatient,170629.29,162097.8255,24865.27,15041.959499999992,9536,129,-8531.464500000002,-0.05000000000000001,-0.894658609479866,-9823.310500000009,Provider contract change -5%,7,1,provider_contract_change
PRV029,Provider Group 29,Outpatient,158543.01,150615.8595,14153.54,5099.988499999994,9551,128,-7927.150500000018,-0.05000000000000011,-0.8299812061564252,-9053.551500000007,Provider contract change -5%,8,1,provider_contract_change
PRV009,Provider Group 09,Outpatient,134039.1,127337.14499999999,16314.15,8776.254499999994,9538,109,-6701.955000000016,-0.05000000000000012,-0.7026583141119749,-7537.895500000006,Provider contract change -5%,9,1,provider_contract_change
PRV039,Provider Group 39,Outpatient,124281.15,118067.0925,12598.199999999999,5538.349999999993,9586,109,-6214.057499999995,-0.04999999999999997,-0.6482430106405169,-7059.850000000006,Provider contract change -5%,10,1,provider_contract_change
PRV039,Provider Group 39,Emergency,84131.2,79924.64,14564.54,9824.528999999997,9446,55,-4206.559999999998,-0.049999999999999975,-0.4453271225915729,-4740.011000000004,Provider contract change -5%,11,1,provider_contract_change
PRV029,Provider Group 29,Emergency,71479.39,67905.4205,10426.890000000001,6385.574499999996,9501,52,-3573.9695000000065,-0.05000000000000009,-0.3761677191874546,-4041.315500000005,Provider contract change -5%,12,1,provider_contract_change
PRV009,Provider Group 09,Emergency,69379.93,65910.9335,15552.559999999998,11657.667499999996,9472,51,-3468.996499999994,-0.04999999999999992,-0.3662369615709453,-3894.8925000000017,Provider contract change -5%,13,1,provider_contract_change
PRV017,Provider Group 17,Emergency,64058.72,60855.784,9910.460000000001,6123.0009999999975,9451,39,-3202.9360000000015,-0.050000000000000024,-0.3388991641096182,-3787.4590000000035,Provider contract change -5%,14,1,provider_contract_change
PRV004,Provider Group 04,Emergency,53043.13,50390.9735,2760.0099999999993,-254.9225000000032,9483,40,-2652.1564999999973,-0.049999999999999954,-0.27967483918591135,-3014.9325000000026,Provider contract change -5%,15,1,provider_contract_change
PRV004,Provider Group 04,Professional,50438.35,47916.432499999995,8429.99,5569.104499999998,9572,133,-2521.917500000003,-0.050000000000000065,-0.26346818846636055,-2860.885500000002,Provider contract change -5%,16,1,provider_contract_change
PRV017,Provider Group 17,Professional,47390.03,45020.5285,7229.25,4488.585499999997,9599,139,-2369.5014999999985,-0.04999999999999997,-0.2468487863319094,-2740.6645000000026,Provider contract change -5%,17,1,provider_contract_change
PRV029,Provider Group 29,Professional,46034.73,43732.9935,2855.63,225.074499999998,9559,167,-2301.7365000000063,-0.050000000000000135,-0.24079260382885306,-2630.555500000002,Provider contract change -5%,18,1,provider_contract_change
PRV009,Provider Group 09,Professional,42927.19,40780.8305,6480.91,4032.565999999998,9580,147,-2146.359500000006,-0.050000000000000135,-0.22404587682672295,-2448.344000000002,Provider contract change -5%,19,1,provider_contract_change
PRV039,Provider Group 39,Professional,39834.73,37842.9935,5996.82,3742.2174999999984,9583,150,-1991.7365000000063,-0.050000000000000155,-0.20784060315141462,-2254.6025000000013,Provider contract change -5%,20,1,provider_contract_change
PRV009,Provider Group 09,Imaging,32400.65,30780.6175,4870.76,3025.214499999998,9496,53,-1620.0325000000012,-0.05000000000000003,-0.17060156908171875,-1845.545500000002,Provider contract change -5%,21,1,provider_contract_change
PRV039,Provider Group 39,Imaging,28829.21,27387.749499999998,5006.73,3367.0829999999983,9537,42,-1441.460500000001,-0.05000000000000004,-0.15114401803502162,-1639.6470000000013,Provider contract change -5%,22,1,provider_contract_change
PRV004,Provider Group 04,Imaging,28185.81,26776.5195,4737.629999999999,3125.4749999999985,9578,36,-1409.2905000000028,-0.0500000000000001,-0.14713828565462547,-1612.1550000000007,Provider contract change -5%,23,1,provider_contract_change
PRV029,Provider Group 29,Imaging,27949.99,26552.4905,2417.8199999999997,816.7849999999983,9584,48,-1397.4995000000017,-0.05000000000000006,-0.14581589106844758,-1601.0350000000014,Provider contract change -5%,24,1,provider_contract_change
PRV017,Provider Group 17,Imaging,26883.170000000002,25539.011499999997,4063.7200000000003,2526.006999999999,9528,42,-1344.158500000005,-0.05000000000000018,-0.1410745696893372,-1537.713000000001,Provider contract change -5%,25,1,provider_contract_change
PRV004,Provider Group 04,Pharmacy,17340.87,16473.8265,2252.2799999999997,1261.0589999999988,9522,73,-867.0434999999998,-0.04999999999999999,-0.09105686830497792,-991.2210000000009,Provider contract change -5%,26,1,provider_contract_change
PRV017,Provider Group 17,Pharmacy,15303.39,14538.2205,2372.15,1490.876499999999,9555,69,-765.1695,-0.05,-0.08008053375196232,-881.2735000000011,Provider contract change -5%,27,1,provider_contract_change
PRV009,Provider Group 09,Pharmacy,12514.52,11888.794,2032.8400000000001,1313.4054999999992,9563,73,-625.7260000000006,-0.050000000000000044,-0.06543197741294579,-719.434500000001,Provider contract change -5%,28,1,provider_contract_change
PRV039,Provider Group 39,Pharmacy,11228.46,10667.037,1628.8500000000001,991.0664999999995,9555,59,-561.4229999999989,-0.049999999999999906,-0.05875698587127147,-637.7835000000007,Provider contract change -5%,29,1,provider_contract_change
PRV029,Provider Group 29,Pharmacy,10281.39,9767.3205,353.55000000000007,-242.33400000000034,9514,61,-514.0694999999996,-0.04999999999999997,-0.05403295143998314,-595.8840000000005,Provider contract change -5%,30,1,provider_contract_change
PRV009,Provider Group 09,Lab,4062.75,3859.6124999999997,744.9499999999999,514.7469999999996,9574,44,-203.13750000000027,-0.050000000000000065,-0.02121762063923128,-230.20300000000032,Provider contract change -5%,31,1,provider_contract_change
PRV017,Provider Group 17,Lab,3751.16,3563.602,714.67,505.0574999999998,9608,38,-187.558,-0.05,-0.019521024146544545,-209.61250000000018,Provider contract change -5%,32,1,provider_contract_change
PRV039,Provider Group 39,Lab,3290.25,3125.7374999999997,520.47,332.21149999999983,9478,38,-164.51250000000027,-0.050000000000000086,-0.017357301118379433,-188.2585000000002,Provider contract change -5%,33,1,provider_contract_change
PRV004,Provider Group 04,Lab,3008.31,2857.8945,461.65000000000003,291.5559999999999,9511,27,-150.41550000000007,-0.050000000000000024,-0.015814898538534336,-170.0940000000001,Provider contract change -5%,34,1,provider_contract_change
PRV029,Provider Group 29,Lab,2980.75,2831.7125,283.6500000000001,114.88549999999992,9574,33,-149.0374999999999,-0.04999999999999997,-0.01556689993733026,-168.76450000000017,Provider contract change -5%,35,1,provider_contract_change
PRV027,Provider Group 27,Inpatient,219946.11000000002,219946.11000000002,33677.159999999996,33677.159999999996,9569,44,0.0,0.0,0.0,0.0,Provider contract change -5%,36,0,provider_contract_change
PRV027,Provider Group 27,Lab,2801.7,2801.7,289.06000000000006,289.06000000000006,9506,37,0.0,0.0,0.0,0.0,Provider contract change -5%,36,0,provider_contract_change
PRV001,Provider Group 01,Emergency,70253.33,70253.33,12037.64,12037.64,9563,40,0.0,0.0,0.0,0.0,Provider contract change -5%,36,0,provider_contract_change
PRV027,Provider Group 27,Pharmacy,12449.33,12449.33,1292.18,1292.18,9606,75,0.0,0.0,0.0,0.0,Provider contract change -5%,36,0,provider_contract_change
PRV027,Provider Group 27,Professional,35982.88,35982.88,5258.83,5258.83,9558,149,0.0,0.0,0.0,0.0,Provider contract change -5%,36,0,provider_contract_change
PRV028,Provider Group 28,Emergency,67538.29,67538.29,9090.119999999999,9090.119999999999,9491,50,0.0,0.0,0.0,0.0,Provider contract change -5%,36,0,provider_contract_change
PRV028,Provider Group 28,Imaging,20504.89,20504.89,3655.44,3655.44,9594,45,0.0,0.0,0.0,0.0,Provider contract change -5%,36,0,provider_contract_change
PRV028,Provider Group 28,Inpatient,177132.61,177132.61,23534.04,23534.04,9446,36,0.0,0.0,0.0,0.0,Provider contract change -5%,36,0,provider_contract_change
PRV028,Provider Group 28,Lab,2122.76,2122.76,395.19000000000005,395.19000000000005,9526,31,0.0,0.0,0.0,0.0,Provider contract change -5%,36,0,provider_contract_change
PRV028,Provider Group 28,Outpatient,116227.49,116227.49,18237.21,18237.21,9522,108,0.0,0.0,0.0,0.0,Provider contract change -5%,36,0,provider_contract_change
PRV028,Provider Group 28,Pharmacy,12622.53,12622.53,2892.03,2892.03,9523,71,0.0,0.0,0.0,0.0,Provider contract change -5%,36,0,provider_contract_change
PRV028,Provider Group 28,Professional,39295.86,39295.86,7442.16,7442.16,9586,161,0.0,0.0,0.0,0.0,Provider contract change -5%,36,0,provider_contract_change
PRV030,Provider Group 30,Emergency,55008.42,55008.42,9286.5,9286.5,9525,42,0.0,0.0,0.0,0.0,Provider contract change -5%,36,0,provider_contract_change
PRV030,Provider Group 30,Imaging,15596.880000000001,15596.880000000001,2165.5099999999998,2165.5099999999998,9530,35,0.0,0.0,0.0,0.0,Provider contract change -5%,36,0,provider_contract_change
PRV030,Provider Group 30,Inpatient,223864.96,223864.96,48583.72,48583.72,9595,43,0.0,0.0,0.0,0.0,Provider contract change -5%,36,0,provider_contract_change
PRV027,Provider Group 27,Outpatient,121339.6,121339.6,19523.8,19523.8,9525,119,0.0,0.0,0.0,0.0,Provider contract change -5%,36,0,provider_contract_change
PRV027,Provider Group 27,Imaging,22884.25,22884.25,4272.72,4272.72,9537,41,0.0,0.0,0.0,0.0,Provider contract change -5%,36,0,provider_contract_change
PRV026,Provider Group 26,Outpatient,124313.39,124313.39,14747.869999999999,14747.869999999999,9578,105,0.0,0.0,0.0,0.0,Provider contract change -5%,36,0,provider_contract_change
PRV026,Provider Group 26,Professional,45828.07,45828.07,6946.64,6946.64,9612,163,0.0,0.0,0.0,0.0,Provider contract change -5%,36,0,provider_contract_change
PRV022,Provider Group 22,Pharmacy,11854.37,11854.37,1897.79,1897.79,9580,70,0.0,0.0,0.0,0.0,Provider contract change -5%,36,0,provider_contract_change
PRV022,Provider Group 22,Professional,29102.54,29102.54,4654.84,4654.84,9602,123,0.0,0.0,0.0,0.0,Provider contract change -5%,36,0,provider_contract_change
PRV023,Provider Group 23,Emergency,52365.14,52365.14,11852.83,11852.83,9511,40,0.0,0.0,0.0,0.0,Provider contract change -5%,36,0,provider_contract_change
PRV023,Provider Group 23,Imaging,27360.079999999998,27360.079999999998,4259.57,4259.57,9550,48,0.0,0.0,0.0,0.0,Provider contract change -5%,36,0,provider_contract_change
PRV023,Provider Group 23,Inpatient,223464.53,223464.53,39010.25,39010.25,9570,44,0.0,0.0,0.0,0.0,Provider contract change -5%,36,0,provider_contract_change
PRV023,Provider Group 23,Lab,3238.83,3238.83,695.3199999999999,695.3199999999999,9548,37,0.0,0.0,0.0,0.0,Provider contract change -5%,36,0,provider_contract_change
PRV023,Provider Group 23,Outpatient,135086.6,135086.6,26594.850000000002,26594.850000000002,9584,121,0.0,0.0,0.0,0.0,Provider contract change -5%,36,0,provider_contract_change
PRV023,Provider Group 23,Pharmacy,12581.49,12581.49,1767.68,1767.68,9538,71,0.0,0.0,0.0,0.0,Provider contract change -5%,36,0,provider_contract_change
PRV023,Provider Group 23,Professional,31342.12,31342.12,5792.74,5792.74,9571,136,0.0,0.0,0.0,0.0,Provider contract change -5%,36,0,provider_contract_change
PRV024,Provider Group 24,Emergency,53105.53,53105.53,7088.98,7088.98,9529,40,0.0,0.0,0.0,0.0,Provider contract change -5%,36,0,provider_contract_change
PRV024,Provider Group 24,Imaging,18163.05,18163.05,3032.56,3032.56,9464,29,0.0,0.0,0.0,0.0,Provider contract change -5%,36,0,provider_contract_change
PRV024,Provider Group 24,Inpatient,318649.64,318649.64,47372.09,47372.09,9536,44,0.0,0.0,0.0,0.0,Provider contract change -5%,36,0,provider_contract_change
PRV024,Provider Group 24,Lab,2677.05,2677.05,469.73,469.73,9493,30,0.0,0.0,0.0,0.0,Provider contract change -5%,36,0,provider_contract_change
PRV024,Provider Group 24,Outpatient,135488.75,135488.75,20031.55,20031.55,9556,116,0.0,0.0,0.0,0.0,Provider contract change -5%,36,0,provider_contract_change
PRV024,Provider Group 24,Pharmacy,15393.23,15393.23,2535.5400000000004,2535.5400000000004,9493,74,0.0,0.0,0.0,0.0,Provider contract change -5%,36,0,provider_contract_change
PRV024,Provider Group 24,Professional,35855.07,35855.07,5485.65,5485.65,9588,134,0.0,0.0,0.0,0.0,Provider contract change -5%,36,0,provider_contract_change
PRV025,Provider Group 25,Emergency,84413.61,84413.61,16691.050000000003,16691.050000000003,9562,52,0.0,0.0,0.0,0.0,Provider contract change -5%,36,0,provider_contract_change
PRV025,Provider Group 25,Imaging,19101.35,19101.35,1402.72,1402.72,9566,33,0.0,0.0,0.0,0.0,Provider contract change -5%,36,0,provider_contract_change
PRV025,Provider Group 25,Inpatient,289039.02,289039.02,51481.23,51481.23,9555,47,0.0,0.0,0.0,0.0,Provider contract change -5%,36,0,provider_contract_change
PRV025,Provider Group 25,Lab,3597.52,3597.52,456.7199999999999,456.7199999999999,9529,41,0.0,0.0,0.0,0.0,Provider contract change -5%,36,0,provider_contract_change
PRV025,Provider Group 25,Outpatient,140221.17,140221.17,17303.07,17303.07,9511,113,0.0,0.0,0.0,0.0,Provider contract change -5%,36,0,provider_contract_change
PRV025,Provider Group 25,Pharmacy,19231.54,19231.54,2988.8599999999997,2988.8599999999997,9602,99,0.0,0.0,0.0,0.0,Provider contract change -5%,36,0,provider_contract_change
PRV025,Provider Group 25,Professional,39266.27,39266.27,6968.0599999999995,6968.0599999999995,9556,141,0.0,0.0,0.0,0.0,Provider contract change -5%,36,0,provider_contract_change
PRV026,Provider Group 26,Emergency,69264.3,69264.3,12366.999999999998,12366.999999999998,9521,49,0.0,0.0,0.0,0.0,Provider contract change -5%,36,0,provider_contract_change
PRV026,Provider Group 26,Imaging,24174.1,24174.1,3887.14,3887.14,9580,40,0.0,0.0,0.0,0.0,Provider contract change -5%,36,0,provider_contract_change
PRV026,Provider Group 26,Inpatient,282363.18,282363.18,41297.04,41297.04,9487,52,0.0,0.0,0.0,0.0,Provider contract change -5%,36,0,provider_contract_change
PRV026,Provider Group 26,Lab,4580.09,4580.09,631.73,631.73,9529,46,0.0,0.0,0.0,0.0,Provider contract change -5%,36,0,provider_contract_change
PRV030,Provider Group 30,Lab,3079.9900000000002,3079.9900000000002,430.42,430.42,9599,35,0.0,0.0,0.0,0.0,Provider contract change -5%,36,0,provider_contract_change
PRV026,Provider Group 26,Pharmacy,16487.64,16487.64,3144.88,3144.88,9608,80,0.0,0.0,0.0,0.0,Provider contract change -5%,36,0,provider_contract_change
PRV027,Provider Group 27,Emergency,54661.53,54661.53,11158.800000000001,11158.800000000001,9561,45,0.0,0.0,0.0,0.0,Provider contract change -5%,36,0,provider_contract_change
PRV030,Provider Group 30,Outpatient,118931.86,118931.86,17565.100000000002,17565.100000000002,9612,115,0.0,0.0,0.0,0.0,Provider contract change -5%,36,0,provider_contract_change
PRV032,Provider Group 32,Imaging,16312.210000000001,16312.210000000001,2631.31,2631.31,9556,44,0.0,0.0,0.0,0.0,Provider contract change -5%,36,0,provider_contract_change
PRV030,Provider Group 30,Professional,31406.64,31406.64,4990.08,4990.08,9568,130,0.0,0.0,0.0,0.0,Provider contract change -5%,36,0,provider_contract_change
PRV035,Provider Group 35,Pharmacy,13471.16,13471.16,1909.44,1909.44,9523,76,0.0,0.0,0.0,0.0,Provider contract change -5%,36,0,provider_contract_change
PRV035,Provider Group 35,Professional,38160.52,38160.52,6145.99,6145.99,9542,144,0.0,0.0,0.0,0.0,Provider contract change -5%,36,0,provider_contract_change
PRV036,Provider Group 36,Emergency,53390.31,53390.31,12440.710000000001,12440.710000000001,9580,40,0.0,0.0,0.0,0.0,Provider contract change -5%,36,0,provider_contract_change
PRV036,Provider Group 36,Imaging,26998.57,26998.57,3667.7999999999997,3667.7999999999997,9503,47,0.0,0.0,0.0,0.0,Provider contract change -5%,36,0,provider_contract_change
PRV036,Provider Group 36,Inpatient,288424.65,288424.65,55633.01000000001,55633.01000000001,9445,43,0.0,0.0,0.0,0.0,Provider contract change -5%,36,0,provider_contract_change
PRV036,Provider Group 36,Lab,3552.54,3552.54,471.26,471.26,9517,42,0.0,0.0,0.0,0.0,Provider contract change -5%,36,0,provider_contract_change
PRV036,Provider Group 36,Outpatient,119971.08,119971.08,17067.13,17067.13,9587,99,0.0,0.0,0.0,0.0,Provider contract change -5%,36,0,provider_contract_change
PRV036,Provider Group 36,Pharmacy,16853.09,16853.09,2738.01,2738.01,9548,85,0.0,0.0,0.0,0.0,Provider contract change -5%,36,0,provider_contract_change
PRV036,Provider Group 36,Professional,42299.58,42299.58,6082.509999999999,6082.509999999999,9578,152,0.0,0.0,0.0,0.0,Provider contract change -5%,36,0,provider_contract_change
PRV037,Provider Group 37,Emergency,53265.15,53265.15,9892.94,9892.94,9543,44,0.0,0.0,0.0,0.0,Provider contract change -5%,36,0,provider_contract_change
PRV037,Provider Group 37,Imaging,13633.0,13633.0,2341.89,2341.89,9528,30,0.0,0.0,0.0,0.0,Provider contract change -5%,36,0,provider_contract_change
PRV037,Provider Group 37,Inpatient,191901.28,191901.28,42437.35,42437.35,9586,41,0.0,0.0,0.0,0.0,Provider contract change -5%,36,0,provider_contract_change
PRV037,Provider Group 37,Lab,2645.31,2645.31,507.91,507.91,9460,30,0.0,0.0,0.0,0.0,Provider contract change -5%,36,0,provider_contract_change
PRV035,Provider Group 35,Outpatient,129216.14,129216.14,13173.100000000002,13173.100000000002,9578,112,0.0,0.0,0.0,0.0,Provider contract change -5%,36,0,provider_contract_change
PRV037,Provider Group 37,Outpatient,105304.24,105304.24,16948.219999999998,16948.219999999998,9575,99,0.0,0.0,0.0,0.0,Provider contract change -5%,36,0,provider_contract_change
PRV037,Provider Group 37,Professional,31074.41,31074.41,4656.5,4656.5,9562,148,0.0,0.0,0.0,0.0,Provider contract change -5%,36,0,provider_contract_change
PRV038,Provider Group 38,Emergency,53814.35,53814.35,3482.050000000001,3482.050000000001,9552,42,0.0,0.0,0.0,0.0,Provider contract change -5%,36,0,provider_contract_change
PRV038,Provider Group 38,Imaging,23408.39,23408.39,3549.6400000000003,3549.6400000000003,9584,38,0.0,0.0,0.0,0.0,Provider contract change -5%,36,0,provider_contract_change
PRV038,Provider Group 38,Inpatient,312191.36,312191.36,48958.49999999999,48958.49999999999,9573,57,0.0,0.0,0.0,0.0,Provider contract change -5%,36,0,provider_contract_change
PRV038,Provider Group 38,Lab,2719.68,2719.68,619.4,619.4,9466,32,0.0,0.0,0.0,0.0,Provider contract change -5%,36,0,provider_contract_change
PRV038,Provider Group 38,Outpatient,128372.37,128372.37,27993.4,27993.4,9546,116,0.0,0.0,0.0,0.0,Provider contract change -5%,36,0,provider_contract_change
PRV038,Provider Group 38,Pharmacy,12673.85,12673.85,2018.72,2018.72,9535,73,0.0,0.0,0.0,0.0,Provider contract change -5%,36,0,provider_contract_change
PRV038,Provider Group 38,Professional,41175.47,41175.47,7549.379999999999,7549.379999999999,9549,161,0.0,0.0,0.0,0.0,Provider contract change -5%,36,0,provider_contract_change
PRV040,Provider Group 40,Emergency,69148.02,69148.02,13255.74,13255.74,9603,45,0.0,0.0,0.0,0.0,Provider contract change -5%,36,0,provider_contract_change
PRV040,Provider Group 40,Imaging,23667.92,23667.92,3829.56,3829.56,9546,50,0.0,0.0,0.0,0.0,Provider contract change -5%,36,0,provider_contract_change
PRV040,Provider Group 40,Inpatient,249893.75,249893.75,51110.439999999995,51110.439999999995,9580,46,0.0,0.0,0.0,0.0,Provider contract change -5%,36,0,provider_contract_change
PRV040,Provider Group 40,Lab,3496.93,3496.93,383.9,383.9,9507,43,0.0,0.0,0.0,0.0,Provider contract change -5%,36,0,provider_contract_change
PRV040,Provider Group 40,Outpatient,123131.75,123131.75,18750.28,18750.28,9606,116,0.0,0.0,0.0,0.0,Provider contract change -5%,36,0,provider_contract_change
PRV037,Provider Group 37,Pharmacy,14133.18,14133.18,2544.5299999999997,2544.5299999999997,9598,79,0.0,0.0,0.0,0.0,Provider contract change -5%,36,0,provider_contract_change
PRV035,Provider Group 35,Lab,3304.88,3304.88,698.6600000000001,698.6600000000001,9585,31,0.0,0.0,0.0,0.0,Provider contract change -5%,36,0,provider_contract_change
PRV035,Provider Group 35,Inpatient,259439.97999999998,259439.97999999998,36882.329999999994,36882.329999999994,9445,48,0.0,0.0,0.0,0.0,Provider contract change -5%,36,0,provider_contract_change
PRV035,Provider Group 35,Imaging,18627.31,18627.31,2428.76,2428.76,9583,38,0.0,0.0,0.0,0.0,Provider contract change -5%,36,0,provider_contract_change
PRV031,Provider Group 31,Emergency,35030.28,35030.28,3306.3199999999997,3306.3199999999997,9595,34,0.0,0.0,0.0,0.0,Provider contract change -5%,36,0,provider_contract_change
PRV031,Provider Group 31,Imaging,18506.83,18506.83,2900.25,2900.25,9585,45,0.0,0.0,0.0,0.0,Provider contract change -5%,36,0,provider_contract_change
PRV031,Provider Group 31,Inpatient,241368.36000000002,241368.36000000002,43393.48,43393.48,9607,50,0.0,0.0,0.0,0.0,Provider contract change -5%,36,0,provider_contract_change
PRV031,Provider Group 31,Lab,2316.03,2316.03,319.14,319.14,9596,36,0.0,0.0,0.0,0.0,Provider contract change -5%,36,0,provider_contract_change
PRV031,Provider Group 31,Outpatient,89901.95,89901.95,10906.289999999999,10906.289999999999,9538,106,0.0,0.0,0.0,0.0,Provider contract change -5%,36,0,provider_contract_change
PRV031,Provider Group 31,Pharmacy,8288.69,8288.69,1089.13,1089.13,9594,62,0.0,0.0,0.0,0.0,Provider contract change -5%,36,0,provider_contract_change
PRV031,Provider Group 31,Professional,36146.81,36146.81,5059.719999999999,5059.719999999999,9510,169,0.0,0.0,0.0,0.0,Provider contract change -5%,36,0,provider_contract_change
PRV032,Provider Group 32,Emergency,50224.28,50224.28,10217.44,10217.44,9557,44,0.0,0.0,0.0,0.0,Provider contract change -5%,36,0,provider_contract_change
PRV022,Provider Group 22,Outpatient,116422.6,116422.6,22195.87,22195.87,9547,115,0.0,0.0,0.0,0.0,Provider contract change -5%,36,0,provider_contract_change
PRV032,Provider Group 32,Inpatient,241691.06999999998,241691.06999999998,40400.88,40400.88,9591,49,0.0,0.0,0.0,0.0,Provider contract change -5%,36,0,provider_contract_change
PRV032,Provider Group 32,Lab,3172.2799999999997,3172.2799999999997,485.71999999999997,485.71999999999997,9416,40,0.0,0.0,0.0,0.0,Provider contract change -5%,36,0,provider_contract_change
PRV032,Provider Group 32,Outpatient,107619.3,107619.3,15385.5,15385.5,9586,124,0.0,0.0,0.0,0.0,Provider contract change -5%,36,0,provider_contract_change
PRV032,Provider Group 32,Pharmacy,11084.08,11084.08,1841.26,1841.26,9603,69,0.0,0.0,0.0,0.0,Provider contract change -5%,36,0,provider_contract_change
PRV032,Provider Group 32,Professional,30663.29,30663.29,4440.97,4440.97,9602,151,0.0,0.0,0.0,0.0,Provider contract change -5%,36,0,provider_contract_change
PRV033,Provider Group 33,Emergency,49357.9,49357.9,8871.429999999998,8871.429999999998,9456,49,0.0,0.0,0.0,0.0,Provider contract change -5%,36,0,provider_contract_change
PRV033,Provider Group 33,Imaging,14484.039999999999,14484.039999999999,2254.37,2254.37,9540,30,0.0,0.0,0.0,0.0,Provider contract change -5%,36,0,provider_contract_change
PRV033,Provider Group 33,Inpatient,207620.47,207620.47,46282.32,46282.32,9326,42,0.0,0.0,0.0,0.0,Provider contract change -5%,36,0,provider_contract_change
PRV033,Provider Group 33,Lab,2000.04,2000.04,467.90999999999997,467.90999999999997,9474,32,0.0,0.0,0.0,0.0,Provider contract change -5%,36,0,provider_contract_change
PRV033,Provider Group 33,Outpatient,92744.95999999999,92744.95999999999,14333.54,14333.54,9594,103,0.0,0.0,0.0,0.0,Provider contract change -5%,36,0,provider_contract_change
PRV033,Provider Group 33,Pharmacy,14096.74,14096.74,2188.3900000000003,2188.3900000000003,9573,83,0.0,0.0,0.0,0.0,Provider contract change -5%,36,0,provider_contract_change
PRV033,Provider Group 33,Professional,36265.86,36265.86,5564.24,5564.24,9599,156,0.0,0.0,0.0,0.0,Provider contract change -5%,36,0,provider_contract_change
PRV034,Provider Group 34,Emergency,64006.55,64006.55,9158.100000000002,9158.100000000002,9511,49,0.0,0.0,0.0,0.0,Provider contract change -5%,36,0,provider_contract_change
PRV034,Provider Group 34,Imaging,14920.220000000001,14920.220000000001,1375.3700000000001,1375.3700000000001,9581,28,0.0,0.0,0.0,0.0,Provider contract change -5%,36,0,provider_contract_change
PRV034,Provider Group 34,Inpatient,344443.55,344443.55,64271.6,64271.6,9591,58,0.0,0.0,0.0,0.0,Provider contract change -5%,36,0,provider_contract_change
PRV034,Provider Group 34,Lab,2804.63,2804.63,410.52000000000004,410.52000000000004,9464,37,0.0,0.0,0.0,0.0,Provider contract change -5%,36,0,provider_contract_change
PRV034,Provider Group 34,Outpatient,119391.99,119391.99,15685.339999999998,15685.339999999998,9527,108,0.0,0.0,0.0,0.0,Provider contract change -5%,36,0,provider_contract_change
PRV034,Provider Group 34,Pharmacy,13533.8,13533.8,2177.9100000000003,2177.9100000000003,9507,77,0.0,0.0,0.0,0.0,Provider contract change -5%,36,0,provider_contract_change
PRV034,Provider Group 34,Professional,44463.18,44463.18,5649.27,5649.27,9597,150,0.0,0.0,0.0,0.0,Provider contract change -5%,36,0,provider_contract_change
PRV035,Provider Group 35,Emergency,61666.02,61666.02,11532.08,11532.08,9543,45,0.0,0.0,0.0,0.0,Provider contract change -5%,36,0,provider_contract_change
PRV030,Provider Group 30,Pharmacy,7860.94,7860.94,1064.6699999999998,1064.6699999999998,9584,53,0.0,0.0,0.0,0.0,Provider contract change -5%,36,0,provider_contract_change
PRV022,Provider Group 22,Lab,1822.51,1822.51,181.68000000000004,181.68000000000004,9456,23,0.0,0.0,0.0,0.0,Provider contract change -5%,36,0,provider_contract_change
PRV020,Provider Group 20,Professional,42530.82,42530.82,6887.450000000001,6887.450000000001,9595,145,0.0,0.0,0.0,0.0,Provider contract change -5%,36,0,provider_contract_change
PRV022,Provider Group 22,Imaging,18793.88,18793.88,2993.5600000000004,2993.5600000000004,9584,45,0.0,0.0,0.0,0.0,Provider contract change -5%,36,0,provider_contract_change
PRV006,Provider Group 06,Professional,40044.03,40044.03,7039.37,7039.37,9547,164,0.0,0.0,0.0,0.0,Provider contract change -5%,36,0,provider_contract_change
PRV007,Provider Group 07,Emergency,78919.58,78919.58,14886.119999999999,14886.119999999999,9542,48,0.0,0.0,0.0,0.0,Provider contract change -5%,36,0,provider_contract_change
PRV007,Provider Group 07,Imaging,30608.36,30608.36,4880.94,4880.94,9514,48,0.0,0.0,0.0,0.0,Provider contract change -5%,36,0,provider_contract_change
PRV007,Provider Group 07,Inpatient,276235.6,276235.6,48844.22,48844.22,9561,45,0.0,0.0,0.0,0.0,Provider contract change -5%,36,0,provider_contract_change
PRV007,Provider Group 07,Lab,2973.67,2973.67,205.67999999999995,205.67999999999995,9483,30,0.0,0.0,0.0,0.0,Provider contract change -5%,36,0,provider_contract_change
PRV007,Provider Group 07,Outpatient,141076.36000000002,141076.36000000002,21638.87,21638.87,9607,105,0.0,0.0,0.0,0.0,Provider contract change -5%,36,0,provider_contract_change
PRV007,Provider Group 07,Pharmacy,12990.62,12990.62,1919.85,1919.85,9573,73,0.0,0.0,0.0,0.0,Provider contract change -5%,36,0,provider_contract_change
PRV007,Provider Group 07,Professional,40596.96,40596.96,7485.51,7485.51,9584,143,0.0,0.0,0.0,0.0,Provider contract change -5%,36,0,provider_contract_change
PRV008,Provider Group 08,Emergency,49460.73,49460.73,11043.01,11043.01,9518,38,0.0,0.0,0.0,0.0,Provider contract change -5%,36,0,provider_contract_change
PRV008,Provider Group 08,Imaging,27687.99,27687.99,3377.2,3377.2,9528,47,0.0,0.0,0.0,0.0,Provider contract change -5%,36,0,provider_contract_change
PRV008,Provider Group 08,Inpatient,246361.28,246361.28,29976.99,29976.99,9542,41,0.0,0.0,0.0,0.0,Provider contract change -5%,36,0,provider_contract_change
PRV008,Provider Group 08,Lab,2705.93,2705.93,377.5,377.5,9560,36,0.0,0.0,0.0,0.0,Provider contract change -5%,36,0,provider_contract_change
PRV008,Provider Group 08,Outpatient,114807.38,114807.38,19312.02,19312.02,9597,103,0.0,0.0,0.0,0.0,Provider contract change -5%,36,0,provider_contract_change
PRV006,Provider Group 06,Pharmacy,11902.05,11902.05,1811.7599999999998,1811.7599999999998,9493,68,0.0,0.0,0.0,0.0,Provider contract change -5%,36,0,provider_contract_change
PRV008,Provider Group 08,Pharmacy,12547.89,12547.89,1767.3700000000001,1767.3700000000001,9525,62,0.0,0.0,0.0,0.0,Provider contract change -5%,36,0,provider_contract_change
PRV010,Provider Group 10,Emergency,48637.77,48637.77,7757.979999999999,7757.979999999999,9468,42,0.0,0.0,0.0,0.0,Provider contract change -5%,36,0,provider_contract_change
PRV010,Provider Group 10,Imaging,27110.41,27110.41,4051.6600000000003,4051.6600000000003,9546,42,0.0,0.0,0.0,0.0,Provider contract change -5%,36,0,provider_contract_change
PRV010,Provider Group 10,Inpatient,362389.61,362389.61,71231.5,71231.5,9579,60,0.0,0.0,0.0,0.0,Provider contract change -5%,36,0,provider_contract_change
PRV010,Provider Group 10,Lab,1750.93,1750.93,376.76000000000005,376.76000000000005,9530,26,0.0,0.0,0.0,0.0,Provider contract change -5%,36,0,provider_contract_change
PRV010,Provider Group 10,Outpatient,129386.07,129386.07,20010.32,20010.32,9575,109,0.0,0.0,0.0,0.0,Provider contract change -5%,36,0,provider_contract_change
PRV010,Provider Group 10,Pharmacy,11756.03,11756.03,2116.83,2116.83,9532,73,0.0,0.0,0.0,0.0,Provider contract change -5%,36,0,provider_contract_change
PRV010,Provider Group 10,Professional,45131.72,45131.72,6413.94,6413.94,9561,164,0.0,0.0,0.0,0.0,Provider contract change -5%,36,0,provider_contract_change
PRV011,Provider Group 11,Emergency,56057.06,56057.06,7958.400000000001,7958.400000000001,9494,44,0.0,0.0,0.0,0.0,Provider contract change -5%,36,0,provider_contract_change
PRV011,Provider Group 11,Imaging,19956.71,19956.71,1493.2599999999998,1493.2599999999998,9445,38,0.0,0.0,0.0,0.0,Provider contract change -5%,36,0,provider_contract_change
PRV011,Provider Group 11,Inpatient,346792.77999999997,346792.77999999997,64587.520000000004,64587.520000000004,9604,54,0.0,0.0,0.0,0.0,Provider contract change -5%,36,0,provider_contract_change
PRV011,Provider Group 11,Lab,2193.98,2193.98,247.29999999999995,247.29999999999995,9600,25,0.0,0.0,0.0,0.0,Provider contract change -5%,36,0,provider_contract_change
PRV011,Provider Group 11,Outpatient,133136.46,133136.46,23137.59,23137.59,9596,113,0.0,0.0,0.0,0.0,Provider contract change -5%,36,0,provider_contract_change
PRV011,Provider Group 11,Pharmacy,13589.26,13589.26,2315.63,2315.63,9557,72,0.0,0.0,0.0,0.0,Provider contract change -5%,36,0,provider_contract_change
PRV008,Provider Group 08,Professional,41337.37,41337.37,6152.25,6152.25,9496,162,0.0,0.0,0.0,0.0,Provider contract change -5%,36,0,provider_contract_change
PRV006,Provider Group 06,Outpatient,140839.31,140839.31,22767.23,22767.23,9581,122,0.0,0.0,0.0,0.0,Provider contract change -5%,36,0,provider_contract_change
PRV006,Provider Group 06,Lab,3524.3,3524.3,831.9599999999999,831.9599999999999,9474,40,0.0,0.0,0.0,0.0,Provider contract change -5%,36,0,provider_contract_change
PRV006,Provider Group 06,Inpatient,221242.38,221242.38,50288.94,50288.94,9604,38,0.0,0.0,0.0,0.0,Provider contract change -5%,36,0,provider_contract_change
PRV001,Provider Group 01,Imaging,26939.97,26939.97,4510.5199999999995,4510.5199999999995,9529,40,0.0,0.0,0.0,0.0,Provider contract change -5%,36,0,provider_contract_change
PRV001,Provider Group 01,Inpatient,310240.05,310240.05,61088.96,61088.96,9552,55,0.0,0.0,0.0,0.0,Provider contract change -5%,36,0,provider_contract_change
PRV001,Provider Group 01,Lab,3606.51,3606.51,512.76,512.76,9509,38,0.0,0.0,0.0,0.0,Provider contract change -5%,36,0,provider_contract_change
PRV001,Provider Group 01,Outpatient,141486.48,141486.48,18599.17,18599.17,9535,115,0.0,0.0,0.0,0.0,Provider contract change -5%,36,0,provider_contract_change
PRV001,Provider Group 01,Pharmacy,15261.09,15261.09,3446.94,3446.94,9588,73,0.0,0.0,0.0,0.0,Provider contract change -5%,36,0,provider_contract_change
PRV001,Provider Group 01,Professional,44230.340000000004,44230.340000000004,6531.929999999999,6531.929999999999,9582,150,0.0,0.0,0.0,0.0,Provider contract change -5%,36,0,provider_contract_change
PRV002,Provider Group 02,Emergency,53923.16,53923.16,7952.7,7952.7,9499,43,0.0,0.0,0.0,0.0,Provider contract change -5%,36,0,provider_contract_change
PRV002,Provider Group 02,Imaging,15352.68,15352.68,3379.67,3379.67,9599,26,0.0,0.0,0.0,0.0,Provider contract change -5%,36,0,provider_contract_change
PRV002,Provider Group 02,Inpatient,340471.76,340471.76,59192.149999999994,59192.149999999994,9455,53,0.0,0.0,0.0,0.0,Provider contract change -5%,36,0,provider_contract_change
PRV002,Provider Group 02,Lab,2299.39,2299.39,489.27,489.27,9418,26,0.0,0.0,0.0,0.0,Provider contract change -5%,36,0,provider_contract_change
PRV002,Provider Group 02,Outpatient,120305.01,120305.01,17291.87,17291.87,9607,106,0.0,0.0,0.0,0.0,Provider contract change -5%,36,0,provider_contract_change
PRV002,Provider Group 02,Pharmacy,11654.31,11654.31,1710.8799999999999,1710.8799999999999,9608,69,0.0,0.0,0.0,0.0,Provider contract change -5%,36,0,provider_contract_change
PRV002,Provider Group 02,Professional,45492.71,45492.71,7186.72,7186.72,9588,161,0.0,0.0,0.0,0.0,Provider contract change -5%,36,0,provider_contract_change
PRV003,Provider Group 03,Emergency,67205.53,67205.53,10538.44,10538.44,9566,52,0.0,0.0,0.0,0.0,Provider contract change -5%,36,0,provider_contract_change
PRV003,Provider Group 03,Imaging,24162.77,24162.77,2964.6499999999996,2964.6499999999996,9383,47,0.0,0.0,0.0,0.0,Provider contract change -5%,36,0,provider_contract_change
PRV003,Provider Group 03,Inpatient,262253.31,262253.31,44261.94,44261.94,9564,55,0.0,0.0,0.0,0.0,Provider contract change -5%,36,0,provider_contract_change
PRV003,Provider Group 03,Lab,2269.82,2269.82,237.64999999999995,237.64999999999995,9423,34,0.0,0.0,0.0,0.0,Provider contract change -5%,36,0,provider_contract_change
PRV003,Provider Group 03,Outpatient,98354.17,98354.17,16384.3,16384.3,9562,89,0.0,0.0,0.0,0.0,Provider contract change -5%,36,0,provider_contract_change
PRV003,Provider Group 03,Pharmacy,11067.57,11067.57,1967.48,1967.48,9576,68,0.0,0.0,0.0,0.0,Provider contract change -5%,36,0,provider_contract_change
PRV003,Provider Group 03,Professional,34585.62,34585.62,6309.29,6309.29,9594,158,0.0,0.0,0.0,0.0,Provider contract change -5%,36,0,provider_contract_change
PRV005,Provider Group 05,Emergency,59247.57,59247.57,12565.17,12565.17,9482,43,0.0,0.0,0.0,0.0,Provider contract change -5%,36,0,provider_contract_change
PRV005,Provider Group 05,Imaging,21915.93,21915.93,4109.65,4109.65,9500,41,0.0,0.0,0.0,0.0,Provider contract change -5%,36,0,provider_contract_change
PRV005,Provider Group 05,Inpatient,258998.18,258998.18,40193.87,40193.87,9452,50,0.0,0.0,0.0,0.0,Provider contract change -5%,36,0,provider_contract_change
PRV005,Provider Group 05,Lab,3168.96,3168.96,684.7199999999999,684.7199999999999,9497,39,0.0,0.0,0.0,0.0,Provider contract change -5%,36,0,provider_contract_change
PRV005,Provider Group 05,Outpatient,108127.03,108127.03,13696.36,13696.36,9601,98,0.0,0.0,0.0,0.0,Provider contract change -5%,36,0,provider_contract_change
PRV005,Provider Group 05,Pharmacy,14195.4,14195.4,2313.07,2313.07,9556,77,0.0,0.0,0.0,0.0,Provider contract change -5%,36,0,provider_contract_change
PRV005,Provider Group 05,Professional,44161.29,44161.29,4529.7,4529.7,9609,179,0.0,0.0,0.0,0.0,Provider contract change -5%,36,0,provider_contract_change
PRV006,Provider Group 06,Emergency,49837.65,49837.65,10699.21,10699.21,9516,43,0.0,0.0,0.0,0.0,Provider contract change -5%,36,0,provider_contract_change
PRV006,Provider Group 06,Imaging,16181.16,16181.16,894.8699999999999,894.8699999999999,9475,36,0.0,0.0,0.0,0.0,Provider contract change -5%,36,0,provider_contract_change
PRV011,Provider Group 11,Professional,35594.08,35594.08,5661.41,5661.41,9609,133,0.0,0.0,0.0,0.0,Provider contract change -5%,36,0,provider_contract_change
PRV022,Provider Group 22,Inpatient,204240.66,204240.66,37026.57,37026.57,9551,36,0.0,0.0,0.0,0.0,Provider contract change -5%,36,0,provider_contract_change
PRV012,Provider Group 12,Emergency,57468.84,57468.84,14131.02,14131.02,9523,44,0.0,0.0,0.0,0.0,Provider contract change -5%,36,0,provider_contract_change
PRV012,Provider Group 12,Inpatient,375760.52,375760.52,63965.7,63965.7,9528,55,0.0,0.0,0.0,0.0,Provider contract change -5%,36,0,provider_contract_change
PRV018,Provider Group 18,Imaging,29607.0,29607.0,4369.07,4369.07,9547,49,0.0,0.0,0.0,0.0,Provider contract change -5%,36,0,provider_contract_change
PRV018,Provider Group 18,Inpatient,272146.29,272146.29,48694.35,48694.35,9543,44,0.0,0.0,0.0,0.0,Provider contract change -5%,36,0,provider_contract_change
PRV018,Provider Group 18,Lab,3706.82,3706.82,393.45,393.45,9483,35,0.0,0.0,0.0,0.0,Provider contract change -5%,36,0,provider_contract_change
PRV018,Provider Group 18,Outpatient,150775.55,150775.55,21586.070000000003,21586.070000000003,9598,111,0.0,0.0,0.0,0.0,Provider contract change -5%,36,0,provider_contract_change
PRV018,Provider Group 18,Pharmacy,15818.62,15818.62,2094.7799999999997,2094.7799999999997,9579,75,0.0,0.0,0.0,0.0,Provider contract change -5%,36,0,provider_contract_change
PRV018,Provider Group 18,Professional,50403.19,50403.19,7294.58,7294.58,9582,147,0.0,0.0,0.0,0.0,Provider contract change -5%,36,0,provider_contract_change
PRV019,Provider Group 19,Emergency,52072.07,52072.07,9248.66,9248.66,9585,43,0.0,0.0,0.0,0.0,Provider contract change -5%,36,0,provider_contract_change
PRV019,Provider Group 19,Imaging,17334.34,17334.34,2903.5,2903.5,9470,32,0.0,0.0,0.0,0.0,Provider contract change -5%,36,0,provider_contract_change
PRV019,Provider Group 19,Inpatient,278050.89,278050.89,41398.3,41398.3,9592,50,0.0,0.0,0.0,0.0,Provider contract change -5%,36,0,provider_contract_change
PRV019,Provider Group 19,Lab,2062.29,2062.29,225.82,225.82,9539,38,0.0,0.0,0.0,0.0,Provider contract change -5%,36,0,provider_contract_change
PRV019,Provider Group 19,Outpatient,93109.5,93109.5,11493.190000000002,11493.190000000002,9584,98,0.0,0.0,0.0,0.0,Provider contract change -5%,36,0,provider_contract_change
PRV019,Provider Group 19,Pharmacy,9551.34,9551.34,1891.62,1891.62,9566,60,0.0,0.0,0.0,0.0,Provider contract change -5%,36,0,provider_contract_change
PRV019,Provider Group 19,Professional,31822.99,31822.99,4690.7300000000005,4690.7300000000005,9564,148,0.0,0.0,0.0,0.0,Provider contract change -5%,36,0,provider_contract_change
PRV018,Provider Group 18,Emergency,62887.47,62887.47,6629.9400000000005,6629.9400000000005,9556,44,0.0,0.0,0.0,0.0,Provider contract change -5%,36,0,provider_contract_change
PRV020,Provider Group 20,Emergency,57197.97,57197.97,13598.64,13598.64,9557,43,0.0,0.0,0.0,0.0,Provider contract change -5%,36,0,provider_contract_change
PRV020,Provider Group 20,Inpatient,340001.81,340001.81,37140.35,37140.35,9544,52,0.0,0.0,0.0,0.0,Provider contract change -5%,36,0,provider_contract_change
PRV020,Provider Group 20,Lab,3529.38,3529.38,650.23,650.23,9542,33,0.0,0.0,0.0,0.0,Provider contract change -5%,36,0,provider_contract_change
PRV020,Provider Group 20,Outpatient,143634.42,143634.42,22613.620000000003,22613.620000000003,9605,110,0.0,0.0,0.0,0.0,Provider contract change -5%,36,0,provider_contract_change
PRV020,Provider Group 20,Pharmacy,15860.7,15860.7,2522.64,2522.64,9610,78,0.0,0.0,0.0,0.0,Provider contract change -5%,36,0,provider_contract_change
PRV040,Provider Group 40,Pharmacy,13526.01,13526.01,1806.5900000000001,1806.5900000000001,9603,81,0.0,0.0,0.0,0.0,Provider contract change -5%,36,0,provider_contract_change
PRV021,Provider Group 21,Emergency,46387.62,46387.62,7534.45,7534.45,9546,50,0.0,0.0,0.0,0.0,Provider contract change -5%,36,0,provider_contract_change
PRV021,Provider Group 21,Imaging,12629.6,12629.6,1727.0600000000002,1727.0600000000002,9422,37,0.0,0.0,0.0,0.0,Provider contract change -5%,36,0,provider_contract_change
PRV021,Provider Group 21,Inpatient,243098.94,243098.94,45020.29000000001,45020.29000000001,9595,59,0.0,0.0,0.0,0.0,Provider contract change -5%,36,0,provider_contract_change
PRV021,Provider Group 21,Lab,2237.24,2237.24,252.14000000000001,252.14000000000001,9555,38,0.0,0.0,0.0,0.0,Provider contract change -5%,36,0,provider_contract_change
PRV021,Provider Group 21,Outpatient,98913.7,98913.7,16283.95,16283.95,9565,118,0.0,0.0,0.0,0.0,Provider contract change -5%,36,0,provider_contract_change
PRV021,Provider Group 21,Pharmacy,10098.14,10098.14,2355.29,2355.29,9588,77,0.0,0.0,0.0,0.0,Provider contract change -5%,36,0,provider_contract_change
PRV021,Provider Group 21,Professional,29511.23,29511.23,5566.68,5566.68,9577,151,0.0,0.0,0.0,0.0,Provider contract change -5%,36,0,provider_contract_change
PRV022,Provider Group 22,Emergency,53699.94,53699.94,9262.960000000001,9262.960000000001,9597,44,0.0,0.0,0.0,0.0,Provider contract change -5%,36,0,provider_contract_change
PRV020,Provider Group 20,Imaging,23076.05,23076.05,4214.97,4214.97,9375,40,0.0,0.0,0.0,0.0,Provider contract change -5%,36,0,provider_contract_change
PRV016,Provider Group 16,Professional,24943.0,24943.0,4141.99,4141.99,9599,122,0.0,0.0,0.0,0.0,Provider contract change -5%,36,0,provider_contract_change
PRV016,Provider Group 16,Pharmacy,11113.73,11113.73,1894.3100000000002,1894.3100000000002,9570,67,0.0,0.0,0.0,0.0,Provider contract change -5%,36,0,provider_contract_change
PRV016,Provider Group 16,Outpatient,89425.51,89425.51,14049.99,14049.99,9593,93,0.0,0.0,0.0,0.0,Provider contract change -5%,36,0,provider_contract_change
PRV012,Provider Group 12,Lab,2370.72,2370.72,194.39000000000001,194.39000000000001,9607,30,0.0,0.0,0.0,0.0,Provider contract change -5%,36,0,provider_contract_change
PRV012,Provider Group 12,Outpatient,126159.66,126159.66,19732.92,19732.92,9600,110,0.0,0.0,0.0,0.0,Provider contract change -5%,36,0,provider_contract_change
PRV012,Provider Group 12,Pharmacy,10667.98,10667.98,1386.65,1386.65,9451,59,0.0,0.0,0.0,0.0,Provider contract change -5%,36,0,provider_contract_change
PRV012,Provider Group 12,Professional,43412.37,43412.37,6861.33,6861.33,9552,152,0.0,0.0,0.0,0.0,Provider contract change -5%,36,0,provider_contract_change
PRV013,Provider Group 13,Emergency,45861.32,45861.32,11534.289999999999,11534.289999999999,9547,41,0.0,0.0,0.0,0.0,Provider contract change -5%,36,0,provider_contract_change
PRV013,Provider Group 13,Imaging,11265.14,11265.14,2240.23,2240.23,9516,33,0.0,0.0,0.0,0.0,Provider contract change -5%,36,0,provider_contract_change
PRV013,Provider Group 13,Inpatient,247863.57,247863.57,36276.09,36276.09,9588,55,0.0,0.0,0.0,0.0,Provider contract change -5%,36,0,provider_contract_change
PRV013,Provider Group 13,Lab,2706.22,2706.22,393.74000000000007,393.74000000000007,9544,44,0.0,0.0,0.0,0.0,Provider contract change -5%,36,0,provider_contract_change
PRV013,Provider Group 13,Outpatient,93305.1,93305.1,15065.82,15065.82,9613,111,0.0,0.0,0.0,0.0,Provider contract change -5%,36,0,provider_contract_change
PRV013,Provider Group 13,Pharmacy,11902.4,11902.4,1932.4399999999998,1932.4399999999998,9609,86,0.0,0.0,0.0,0.0,Provider contract change -5%,36,0,provider_contract_change
PRV013,Provider Group 13,Professional,27345.64,27345.64,3221.62,3221.62,9607,147,0.0,0.0,0.0,0.0,Provider contract change -5%,36,0,provider_contract_change
PRV014,Provider Group 14,Emergency,49319.69,49319.69,13161.05,13161.05,9553,48,0.0,0.0,0.0,0.0,Provider contract change -5%,36,0,provider_contract_change
PRV014,Provider Group 14,Imaging,25930.15,25930.15,4262.820000000001,4262.820000000001,9533,48,0.0,0.0,0.0,0.0,Provider contract change -5%,36,0,provider_contract_change
PRV014,Provider Group 14,Inpatient,254592.37,254592.37,43707.31,43707.31,9576,50,0.0,0.0,0.0,0.0,Provider contract change -5%,36,0,provider_contract_change
PRV014,Provider Group 14,Lab,2488.63,2488.63,381.21,381.21,9575,34,0.0,0.0,0.0,0.0,Provider contract change -5%,36,0,provider_contract_change
PRV014,Provider Group 14,Outpatient,124038.67,124038.67,18931.06,18931.06,9596,105,0.0,0.0,0.0,0.0,Provider contract change -5%,36,0,provider_contract_change
PRV014,Provider Group 14,Pharmacy,13878.22,13878.22,2371.6600000000003,2371.6600000000003,9502,82,0.0,0.0,0.0,0.0,Provider contract change -5%,36,0,provider_contract_change
PRV014,Provider Group 14,Professional,37956.34,37956.34,5668.65,5668.65,9579,153,0.0,0.0,0.0,0.0,Provider contract change -5%,36,0,provider_contract_change
PRV015,Provider Group 15,Emergency,30738.94,30738.94,3792.7700000000004,3792.7700000000004,9548,34,0.0,0.0,0.0,0.0,Provider contract change -5%,36,0,provider_contract_change
PRV015,Provider Group 15,Imaging,18496.01,18496.01,3074.7400000000002,3074.7400000000002,9540,34,0.0,0.0,0.0,0.0,Provider contract change -5%,36,0,provider_contract_change
PRV015,Provider Group 15,Inpatient,229400.91,229400.91,32043.150000000005,32043.150000000005,9589,46,0.0,0.0,0.0,0.0,Provider contract change -5%,36,0,provider_contract_change
PRV015,Provider Group 15,Lab,2739.67,2739.67,534.4499999999999,534.4499999999999,9449,34,0.0,0.0,0.0,0.0,Provider contract change -5%,36,0,provider_contract_change
PRV015,Provider Group 15,Outpatient,105828.5,105828.5,17223.6,17223.6,9568,103,0.0,0.0,0.0,0.0,Provider contract change -5%,36,0,provider_contract_change
PRV015,Provider Group 15,Pharmacy,11300.4,11300.4,1967.04,1967.04,9606,70,0.0,0.0,0.0,0.0,Provider contract change -5%,36,0,provider_contract_change
PRV015,Provider Group 15,Professional,32688.09,32688.09,4265.8,4265.8,9505,140,0.0,0.0,0.0,0.0,Provider contract change -5%,36,0,provider_contract_change
PRV016,Provider Group 16,Emergency,59057.13,59057.13,16751.82,16751.82,9602,45,0.0,0.0,0.0,0.0,Provider contract change -5%,36,0,provider_contract_change
PRV016,Provider Group 16,Imaging,14381.38,14381.38,2830.42,2830.42,9536,31,0.0,0.0,0.0,0.0,Provider contract change -5%,36,0,provider_contract_change
PRV016,Provider Group 16,Inpatient,260332.0,260332.0,50256.85,50256.85,9574,53,0.0,0.0,0.0,0.0,Provider contract change -5%,36,0,provider_contract_change
PRV016,Provider Group 16,Lab,2645.62,2645.62,400.78000000000003,400.78000000000003,9466,35,0.0,0.0,0.0,0.0,Provider contract change -5%,36,0,provider_contract_change
PRV012,Provider Group 12,Imaging,19308.36,19308.36,1084.91,1084.91,9547,38,0.0,0.0,0.0,0.0,Provider contract change -5%,36,0,provider_contract_change
PRV040,Provider Group 40,Professional,38149.59,38149.59,6553.11,6553.11,9589,151,0.0,0.0,0.0,0.0,Provider contract change -5%,36,0,provider_contract_change
