provider_id,provider_name,service_category,baseline_paid_amount,simulated_paid_amount,baseline_benchmark_variance,simulated_benchmark_variance,member_months,total_claims,dollar_impact,percent_impact,pmpm_impact,benchmark_variance_impact,scenario_name,risk_rank,scenario_type
PRV004,Provider Group 04,Inpatient,563438.09,448314.68448031356,134885.1,5018.959999999998,9591,58,-115123.4055196864,-0.20432307925736157,-12.003274478123908,-129866.14000000001,Benchmark alignment 100%,1,benchmark_alignment
PRV010,Provider Group 10,Inpatient,362389.61,302206.2312583637,71231.5,2581.46,9579,60,-60183.37874163629,-0.16607368721646376,-6.282845677172595,-68650.04,Benchmark alignment 100%,2,benchmark_alignment
PRV012,Provider Group 12,Inpatient,375760.52,317429.51731677435,63965.7,-2148.08,9528,55,-58331.00268322567,-0.155234516609743,-6.122061574645851,-66113.78,Benchmark alignment 100%,3,benchmark_alignment
PRV009,Provider Group 09,Inpatient,352901.76,295856.0347239413,65558.58,1301.88,9567,57,-57045.725276058714,-0.16164760775366696,-5.962760037217384,-64256.700000000004,Benchmark alignment 100%,4,benchmark_alignment
PRV011,Provider Group 11,Inpatient,346792.77999999997,291277.5004148688,64587.520000000004,2633.1500000000005,9604,54,-55515.27958513115,-0.1600819935903255,-5.780433109655472,-61954.37,Benchmark alignment 100%,5,benchmark_alignment
PRV002,Provider Group 02,Inpatient,340471.76,287956.47942912247,59192.149999999994,-500.97000000000025,9455,53,-52515.28057087754,-0.15424269129068896,-5.554233799140935,-59693.119999999995,Benchmark alignment 100%,6,benchmark_alignment
PRV029,Provider Group 29,Inpatient,344610.77999999997,294029.4480430463,53919.52,-2467.09,9582,59,-50581.33195695368,-0.14677814767417807,-5.278786470147535,-56386.61,Benchmark alignment 100%,7,benchmark_alignment
PRV034,Provider Group 34,Inpatient,344443.55,294569.7008455256,64271.6,6870.500000000002,9591,58,-49873.84915447439,-0.14479542193336004,-5.200067683711228,-57401.1,Benchmark alignment 100%,8,benchmark_alignment
PRV006,Provider Group 06,Inpatient,221242.38,174506.1114546053,50288.94,-2917.4399999999996,9604,38,-46736.268545394705,-0.2112446473654582,-4.866333667783706,-53206.380000000005,Benchmark alignment 100%,9,benchmark_alignment
PRV025,Provider Group 25,Inpatient,289039.02,242594.57185844355,51481.23,-641.7500000000009,9555,47,-46444.448141556466,-0.160685737661152,-4.860748104820143,-52122.98,Benchmark alignment 100%,10,benchmark_alignment
PRV001,Provider Group 01,Inpatient,310240.05,264544.54246762197,61088.96,9430.03,9552,55,-45695.50753237802,-0.14729080765806354,-4.783868041496861,-51658.93,Benchmark alignment 100%,11,benchmark_alignment
PRV017,Provider Group 17,Inpatient,356851.49,312605.09383136977,57211.530000000006,6673.969999999999,9564,50,-44246.39616863022,-0.12399106465445954,-4.626348407426832,-50537.560000000005,Benchmark alignment 100%,12,benchmark_alignment
PRV036,Provider Group 36,Inpatient,288424.65,244827.41783375252,55633.01000000001,4705.41,9445,43,-43597.2321662475,-0.15115640139026779,-4.6159059996027,-50927.600000000006,Benchmark alignment 100%,13,benchmark_alignment
PRV007,Provider Group 07,Inpatient,276235.6,233298.26718713093,48844.22,-860.2699999999995,9561,45,-42937.33281286905,-0.1554373614873284,-4.49088304705251,-49704.49,Benchmark alignment 100%,14,benchmark_alignment
PRV018,Provider Group 18,Inpatient,272146.29,229319.0797240794,48694.35,183.97000000000025,9543,44,-42827.21027592057,-0.15736834140167988,-4.487814133492672,-48510.38,Benchmark alignment 100%,15,benchmark_alignment
PRV040,Provider Group 40,Inpatient,249893.75,207598.32690071868,51110.439999999995,3929.2699999999995,9580,46,-42295.423099281325,-0.16925362518783013,-4.414971095958385,-47181.17,Benchmark alignment 100%,16,benchmark_alignment
PRV039,Provider Group 39,Inpatient,362655.6,321277.673276098,51627.41,5432.29,9600,55,-41377.926723902,-0.11409702958923562,-4.310200700406458,-46195.12,Benchmark alignment 100%,17,benchmark_alignment
PRV004,Provider Group 04,Outpatient,175281.42,133951.6747814266,50784.28,1622.7600000000002,9498,93,-41329.7452185734,-0.23579079413307696,-4.351415584183344,-49161.52,Benchmark alignment 100%,18,benchmark_alignment
PRV038,Provider Group 38,Inpatient,312191.36,270932.4203746856,48958.49999999999,2438.14,9573,57,-41258.93962531438,-0.13215913350489386,-4.309927883141583,-46520.35999999999,Benchmark alignment 100%,19,benchmark_alignment
PRV024,Provider Group 24,Inpatient,318649.64,277492.3347017425,47372.09,-341.6999999999998,9536,44,-41157.3052982575,-0.12916162496922168,-4.315992585807204,-47713.78999999999,Benchmark alignment 100%,20,benchmark_alignment
PRV033,Provider Group 33,Inpatient,207620.47,167577.42928730394,46282.32,1608.3300000000008,9326,42,-40043.04071269606,-0.19286653533101078,-4.293699411612273,-44673.99,Benchmark alignment 100%,21,benchmark_alignment
PRV030,Provider Group 30,Inpatient,223864.96,184809.64409846952,48583.72,4471.000000000001,9595,43,-39055.31590153047,-0.17445926285887023,-4.070382063734286,-44112.72,Benchmark alignment 100%,22,benchmark_alignment
PRV014,Provider Group 14,Inpatient,254592.37,216212.39964828469,43707.31,0.0,9576,50,-38379.97035171531,-0.15075066998950248,-4.007933411833261,-43707.31,Benchmark alignment 100%,23,benchmark_alignment
PRV005,Provider Group 05,Inpatient,258998.18,221123.47906778133,40193.87,-2288.8499999999995,9452,50,-37874.700932218664,-0.14623539413372968,-4.007056806201721,-42482.72,Benchmark alignment 100%,24,benchmark_alignment
PRV003,Provider Group 03,Inpatient,262253.31,224528.28193286184,44261.94,759.9799999999991,9564,55,-37725.02806713816,-0.14384957836047202,-3.944482232030339,-43501.96000000001,Benchmark alignment 100%,25,benchmark_alignment
PRV037,Provider Group 37,Inpatient,191901.28,155800.23405119064,42437.35,1021.0499999999997,9586,41,-36101.04594880936,-0.18812300756310413,-3.766017728855556,-41416.299999999996,Benchmark alignment 100%,26,benchmark_alignment
PRV021,Provider Group 21,Inpatient,243098.94,207269.03876378684,45020.29000000001,3899.8800000000006,9595,59,-35829.90123621316,-0.14738814260651717,-3.7342262882973594,-41120.41000000001,Benchmark alignment 100%,27,benchmark_alignment
PRV016,Provider Group 16,Inpatient,260332.0,224657.56159157853,50256.85,8796.27,9574,53,-35674.43840842147,-0.1370343961112021,-3.726179069189625,-41460.58,Benchmark alignment 100%,28,benchmark_alignment
PRV031,Provider Group 31,Inpatient,241368.36000000002,207554.85481511033,43393.48,4744.230000000001,9607,50,-33813.505184889684,-0.14009087680294832,-3.519673694690297,-38649.25,Benchmark alignment 100%,29,benchmark_alignment
PRV019,Provider Group 19,Inpatient,278050.89,244876.61670149455,41398.3,1394.54,9592,50,-33174.27329850546,-0.11931007772895623,-3.458535581578968,-40003.76,Benchmark alignment 100%,30,benchmark_alignment
PRV020,Provider Group 20,Inpatient,340001.81,306871.7801081355,37140.35,-402.35000000000036,9544,52,-33130.02989186451,-0.09744074565916139,-3.4712939953755777,-37542.7,Benchmark alignment 100%,31,benchmark_alignment
PRV026,Provider Group 26,Inpatient,282363.18,249292.8634600699,41297.04,3371.080000000001,9487,52,-33070.31653993009,-0.11711979068917588,-3.485856070404774,-37925.96,Benchmark alignment 100%,32,benchmark_alignment
PRV023,Provider Group 23,Inpatient,223464.53,190394.8801463251,39010.25,1595.9699999999993,9570,44,-33069.6498536749,-0.14798612492852847,-3.4555537987121108,-37414.28,Benchmark alignment 100%,33,benchmark_alignment
PRV032,Provider Group 32,Inpatient,241691.06999999998,209678.44516105708,40400.88,2155.569999999999,9591,49,-32012.624838942895,-0.13245265883817262,-3.3377775872112285,-38245.31,Benchmark alignment 100%,34,benchmark_alignment
PRV013,Provider Group 13,Inpatient,247863.57,215951.10459967257,36276.09,-82.98999999999978,9588,55,-31912.465400327434,-0.1287501241119356,-3.3283756153866744,-36359.079999999994,Benchmark alignment 100%,35,benchmark_alignment
PRV022,Provider Group 22,Inpatient,204240.66,173574.56312750222,37026.57,2085.7799999999997,9551,36,-30666.096872497787,-0.15014687512514788,-3.2107734135166774,-34940.79,Benchmark alignment 100%,36,benchmark_alignment
PRV015,Provider Group 15,Inpatient,229400.91,199834.66785566046,32043.150000000005,-1137.4299999999998,9589,46,-29566.242144339543,-0.12888458962233212,-3.0833498951235314,-33180.58,Benchmark alignment 100%,37,benchmark_alignment
PRV027,Provider Group 27,Inpatient,219946.11000000002,190592.38035156936,33677.159999999996,-337.75,9569,44,-29353.729648430657,-0.133458735180316,-3.067585917904761,-34014.909999999996,Benchmark alignment 100%,38,benchmark_alignment
PRV008,Provider Group 08,Inpatient,246361.28,219477.91755599107,29976.99,-96.39000000000078,9542,41,-26883.362444008933,-0.10912170306960953,-2.817371876337134,-30073.38,Benchmark alignment 100%,39,benchmark_alignment
PRV038,Provider Group 38,Outpatient,128372.37,105277.61279593047,27993.4,1602.4800000000002,9546,116,-23094.757204069523,-0.17990442339009183,-2.4193125082830007,-26390.920000000002,Benchmark alignment 100%,40,benchmark_alignment
PRV035,Provider Group 35,Inpatient,259439.97999999998,237000.0044542197,36882.329999999994,10552.189999999997,9445,48,-22439.975545780268,-0.08649389945905897,-2.375857654397064,-26330.14,Benchmark alignment 100%,41,benchmark_alignment
PRV023,Provider Group 23,Outpatient,135086.6,113070.81825373197,26594.850000000002,1436.3400000000004,9584,121,-22015.78174626804,-0.1629753191380051,-2.2971391638426586,-25158.510000000002,Benchmark alignment 100%,42,benchmark_alignment
PRV006,Provider Group 06,Outpatient,140839.31,119695.77048088735,22767.23,-891.2299999999998,9581,122,-21143.539519112644,-0.15012527055914038,-2.2068196972249914,-23658.46,Benchmark alignment 100%,43,benchmark_alignment
PRV028,Provider Group 28,Inpatient,177132.61,156131.19159765597,23534.04,0.0,9446,36,-21001.418402344018,-0.11856325270848783,-2.223313402746561,-23534.04,Benchmark alignment 100%,44,benchmark_alignment
PRV011,Provider Group 11,Outpatient,133136.46,112979.17687181133,23137.59,205.63,9596,113,-20157.28312818866,-0.15140317782363044,-2.1005922392860215,-22931.96,Benchmark alignment 100%,45,benchmark_alignment
PRV020,Provider Group 20,Outpatient,143634.42,124110.08641223995,22613.620000000003,694.0200000000002,9605,110,-19524.333587760062,-0.13593074409156286,-2.0327260372472735,-21919.600000000002,Benchmark alignment 100%,46,benchmark_alignment
PRV007,Provider Group 07,Outpatient,141076.36000000002,122179.06156708766,21638.87,356.1099999999999,9607,105,-18897.298432912357,-0.1339508506805276,-1.9670342909245715,-21282.76,Benchmark alignment 100%,47,benchmark_alignment
PRV018,Provider Group 18,Outpatient,150775.55,131919.38760613048,21586.070000000003,188.44000000000005,9598,111,-18856.162393869512,-0.1250611415038414,-1.9645928728765902,-21397.630000000005,Benchmark alignment 100%,48,benchmark_alignment
PRV022,Provider Group 22,Outpatient,116422.6,97590.63013735293,22195.87,818.8099999999998,9547,115,-18831.969862647078,-0.16175527657557104,-1.9725536673978294,-21377.059999999998,Benchmark alignment 100%,49,benchmark_alignment
PRV010,Provider Group 10,Outpatient,129386.07,111419.45634576146,20010.32,-421.78999999999974,9575,109,-17966.61365423855,-0.138860494443015,-1.8764087367350966,-20432.11,Benchmark alignment 100%,50,benchmark_alignment
PRV024,Provider Group 24,Outpatient,135488.75,118308.74303402386,20031.55,172.8200000000004,9556,116,-17180.006965976136,-0.12680024700188122,-1.7978240860167576,-19858.73,Benchmark alignment 100%,51,benchmark_alignment
PRV017,Provider Group 17,Outpatient,170629.29,153913.03332001253,24865.27,5208.65,9536,129,-16716.256679987477,-0.09796827191854034,-1.7529631585557337,-19656.620000000003,Benchmark alignment 100%,52,benchmark_alignment
PRV027,Provider Group 27,Outpatient,121339.6,104874.75461554034,19523.8,1115.1899999999998,9525,119,-16464.845384459666,-0.1356922668647306,-1.7285926912818548,-18408.61,Benchmark alignment 100%,53,benchmark_alignment
PRV014,Provider Group 14,Outpatient,124038.67,107580.36619538984,18931.06,462.88999999999965,9596,105,-16458.303804610157,-0.1326868774440274,-1.7151212801802997,-18468.170000000002,Benchmark alignment 100%,54,benchmark_alignment
PRV001,Provider Group 01,Outpatient,141486.48,125195.90814937839,18599.17,385.5400000000002,9535,115,-16290.571850621622,-0.11513871749881417,-1.7085025538145382,-18213.629999999997,Benchmark alignment 100%,55,benchmark_alignment
PRV012,Provider Group 12,Outpatient,126159.66,110370.12056428894,19732.92,1708.8000000000002,9600,110,-15789.539435711064,-0.1251552155079608,-1.6447436912199025,-18024.12,Benchmark alignment 100%,56,benchmark_alignment
PRV028,Provider Group 28,Outpatient,116227.49,100538.74224640298,18237.21,430.4899999999997,9522,108,-15688.747753597025,-0.1349831072975681,-1.6476315641248713,-17806.72,Benchmark alignment 100%,57,benchmark_alignment
PRV040,Provider Group 40,Outpatient,123131.75,107589.2894236034,18750.28,901.2700000000002,9606,116,-15542.460576396596,-0.12622626232792594,-1.6179950631268578,-17849.01,Benchmark alignment 100%,58,benchmark_alignment
PRV008,Provider Group 08,Outpatient,114807.38,99308.13827579151,19312.02,1719.7899999999997,9597,103,-15499.241724208492,-0.13500213770411354,-1.615009036595654,-17592.23,Benchmark alignment 100%,59,benchmark_alignment
PRV030,Provider Group 30,Outpatient,118931.86,103594.03284769178,17565.100000000002,191.5000000000001,9612,115,-15337.827152308222,-0.1289631487501181,-1.5956957087295278,-17373.600000000002,Benchmark alignment 100%,60,benchmark_alignment
PRV036,Provider Group 36,Outpatient,119971.08,104636.06260957579,17067.13,-478.95000000000016,9587,99,-15335.017390424211,-0.12782261683752627,-1.599563720707647,-17546.08,Benchmark alignment 100%,61,benchmark_alignment
PRV002,Provider Group 02,Outpatient,120305.01,104975.88273672285,17291.87,-111.24999999999977,9607,106,-15329.127263277143,-0.12741886030579394,-1.5956206165584619,-17403.12,Benchmark alignment 100%,62,benchmark_alignment
PRV025,Provider Group 25,Outpatient,140221.17,124988.60352164228,17303.07,-51.78999999999985,9511,113,-15232.566478357738,-0.10863243031246805,-1.6015735967151443,-17354.86,Benchmark alignment 100%,63,benchmark_alignment
PRV037,Provider Group 37,Outpatient,105304.24,90392.48790420913,16948.219999999998,85.9100000000002,9575,99,-14911.752095790871,-0.14160637877250593,-1.5573631431635375,-16862.309999999998,Benchmark alignment 100%,64,benchmark_alignment
PRV015,Provider Group 15,Outpatient,105828.5,90926.43214881615,17223.6,413.04999999999995,9568,103,-14902.067851183849,-0.14081337117301906,-1.5574903690618571,-16810.55,Benchmark alignment 100%,65,benchmark_alignment
PRV009,Provider Group 09,Outpatient,134039.1,119559.69084544717,16314.15,0.9399999999999409,9538,109,-14479.409154552835,-0.10802377182891287,-1.5180760279464076,-16313.21,Benchmark alignment 100%,66,benchmark_alignment
PRV021,Provider Group 21,Outpatient,98913.7,84552.62824217243,16283.95,-12.569999999999766,9565,118,-14361.071757827565,-0.14518789366718227,-1.5014188978387417,-16296.52,Benchmark alignment 100%,67,benchmark_alignment
PRV029,Provider Group 29,Outpatient,158543.01,144464.46629858247,14153.54,-935.6899999999996,9551,128,-14078.54370141754,-0.08879952324241566,-1.4740387081371102,-15089.23,Benchmark alignment 100%,68,benchmark_alignment
PRV025,Provider Group 25,Emergency,84413.61,70515.02964127738,16691.050000000003,1146.0500000000002,9562,52,-13898.580358722626,-0.16464857217601078,-1.453522313189984,-15545.000000000004,Benchmark alignment 100%,69,benchmark_alignment
PRV003,Provider Group 03,Outpatient,98354.17,84944.65251993219,16384.3,1105.42,9562,89,-13409.517480067807,-0.13633908435267977,-1.4023758084153741,-15278.88,Benchmark alignment 100%,70,benchmark_alignment
PRV016,Provider Group 16,Emergency,59057.13,45662.21107822214,16751.82,1345.8200000000002,9602,45,-13394.918921777855,-0.2268129000135607,-1.395013426554661,-15406.0,Benchmark alignment 100%,71,benchmark_alignment
PRV013,Provider Group 13,Outpatient,93305.1,80043.19370017329,15065.82,49.31000000000023,9613,111,-13261.906299826718,-0.1421348490042529,-1.3795803911189761,-15016.51,Benchmark alignment 100%,72,benchmark_alignment
PRV009,Provider Group 09,Emergency,69379.93,56137.80426097936,15552.559999999998,696.1399999999996,9472,51,-13242.12573902063,-0.1908639247549058,-1.3980284775148468,-14856.419999999998,Benchmark alignment 100%,73,benchmark_alignment
PRV026,Provider Group 26,Outpatient,124313.39,111258.93798031993,14747.869999999999,10.569999999999993,9578,105,-13054.452019680073,-0.10501243687168432,-1.3629622071079635,-14737.3,Benchmark alignment 100%,74,benchmark_alignment
PRV033,Provider Group 33,Outpatient,92744.95999999999,80031.00373218187,14333.54,-116.34999999999991,9594,103,-12713.956267818125,-0.13708514476493522,-1.3251986937479805,-14449.890000000001,Benchmark alignment 100%,75,benchmark_alignment
PRV032,Provider Group 32,Outpatient,107619.3,94911.06496336525,15385.5,1151.33,9586,124,-12708.235036634753,-0.11808509288422014,-1.3257078068678023,-14234.17,Benchmark alignment 100%,76,benchmark_alignment
PRV007,Provider Group 07,Emergency,78919.58,66578.67690995023,14886.119999999999,788.3200000000003,9542,48,-12340.903090049775,-0.1563731470700905,-1.2933245745178972,-14097.8,Benchmark alignment 100%,77,benchmark_alignment
PRV034,Provider Group 34,Outpatient,119391.99,107070.20653499225,15685.339999999998,1449.0700000000004,9527,108,-12321.783465007757,-0.10320443997128917,-1.2933539902390843,-14236.269999999999,Benchmark alignment 100%,78,benchmark_alignment
PRV016,Provider Group 16,Outpatient,89425.51,77169.82626034154,14049.99,-36.49000000000001,9593,93,-12255.68373965846,-0.13704907849738246,-1.2775652808984113,-14086.48,Benchmark alignment 100%,79,benchmark_alignment
PRV035,Provider Group 35,Outpatient,129216.14,117432.02183363457,13173.100000000002,-150.19999999999965,9578,112,-11784.118166365428,-0.09119695238044898,-1.2303318194158934,-13323.300000000001,Benchmark alignment 100%,80,benchmark_alignment
PRV005,Provider Group 05,Outpatient,108127.03,96487.57056804205,13696.36,424.7199999999999,9601,98,-11639.459431957948,-0.10764615870756783,-1.212317407765644,-13271.640000000001,Benchmark alignment 100%,81,benchmark_alignment
PRV039,Provider Group 39,Emergency,84131.2,72495.6769093907,14564.54,1176.8100000000006,9446,55,-11635.523090609291,-0.13830211729547767,-1.2317936788703463,-13387.73,Benchmark alignment 100%,82,benchmark_alignment
PRV040,Provider Group 40,Emergency,69148.02,57822.068334076226,13255.74,-11.129999999999882,9603,45,-11325.951665923778,-0.16379285575962663,-1.179418063722147,-13266.869999999999,Benchmark alignment 100%,83,benchmark_alignment
PRV039,Provider Group 39,Outpatient,124281.15,113253.7149755342,12598.199999999999,101.96000000000004,9586,109,-11027.435024465798,-0.0887297472260741,-1.1503687695040474,-12496.239999999998,Benchmark alignment 100%,84,benchmark_alignment
PRV001,Provider Group 01,Emergency,70253.33,59406.469866803745,12037.64,0.0,9563,40,-10846.860133196256,-0.15439638424536256,-1.1342528634525,-12037.64,Benchmark alignment 100%,85,benchmark_alignment
PRV020,Provider Group 20,Emergency,57197.97,46477.31801989208,13598.64,1357.67,9557,43,-10720.65198010792,-0.18743063748779754,-1.121759127352508,-12240.97,Benchmark alignment 100%,86,benchmark_alignment
PRV023,Provider Group 23,Emergency,52365.14,41907.25498618465,11852.83,28.439999999999827,9511,40,-10457.88501381535,-0.19971081933162693,-1.099556830387483,-11824.39,Benchmark alignment 100%,87,benchmark_alignment
PRV026,Provider Group 26,Emergency,69264.3,58842.14613008991,12366.999999999998,285.53999999999985,9521,49,-10422.153869910093,-0.15046934524582062,-1.0946490778185163,-12081.46,Benchmark alignment 100%,88,benchmark_alignment
PRV019,Provider Group 19,Outpatient,93109.5,83046.35837192486,11493.190000000002,286.9000000000001,9584,98,-10063.141628075144,-0.10807857015745057,-1.0499939094402277,-11206.290000000003,Benchmark alignment 100%,89,benchmark_alignment
PRV012,Provider Group 12,Emergency,57468.84,47590.35803320659,14131.02,2938.95,9523,44,-9878.481966793406,-0.17189283734965605,-1.0373287794595618,-11192.07,Benchmark alignment 100%,90,benchmark_alignment
PRV014,Provider Group 14,Emergency,49319.69,39598.392204269105,13161.05,2187.5399999999995,9553,48,-9721.297795730898,-0.19710784467077747,-1.0176172716142466,-10973.51,Benchmark alignment 100%,91,benchmark_alignment
PRV005,Provider Group 05,Emergency,59247.57,49538.6649861771,12565.17,1614.4999999999995,9482,43,-9708.9050138229,-0.16387009650898593,-1.0239300795004111,-10950.67,Benchmark alignment 100%,92,benchmark_alignment
PRV013,Provider Group 13,Emergency,45861.32,36171.80709721319,11534.289999999999,21.660000000000196,9547,41,-9689.51290278681,-0.21127854372239635,-1.0149275063147387,-11512.63,Benchmark alignment 100%,93,benchmark_alignment
PRV031,Provider Group 31,Outpatient,89901.95,80592.41479798565,10906.289999999999,456.73999999999995,9538,106,-9309.535202014347,-0.10355209427620143,-0.9760468863508437,-10449.55,Benchmark alignment 100%,94,benchmark_alignment
PRV003,Provider Group 03,Emergency,67205.53,58024.0776867689,10538.44,257.25,9566,52,-9181.4523132311,-0.13661751217840407,-0.9598005763360966,-10281.19,Benchmark alignment 100%,95,benchmark_alignment
PRV035,Provider Group 35,Emergency,61666.02,52611.87099640092,11532.08,1188.62,9543,45,-9054.14900359908,-0.14682557758063647,-0.9487738660378371,-10343.46,Benchmark alignment 100%,96,benchmark_alignment
PRV008,Provider Group 08,Emergency,49460.73,40439.8503428043,11043.01,400.12000000000023,9518,38,-9020.879657195706,-0.18238468492470097,-0.9477705040129971,-10642.89,Benchmark alignment 100%,97,benchmark_alignment
PRV027,Provider Group 27,Emergency,54661.53,45720.2725903215,11158.800000000001,1147.6799999999998,9561,45,-8941.257409678496,-0.16357495682390333,-0.9351801495323183,-10011.12,Benchmark alignment 100%,98,benchmark_alignment
PRV029,Provider Group 29,Emergency,71479.39,62570.22192256771,10426.890000000001,777.3000000000002,9501,52,-8909.168077432289,-0.12463967693949667,-0.9377084598918313,-9649.59,Benchmark alignment 100%,99,benchmark_alignment
PRV032,Provider Group 32,Emergency,50224.28,41602.35189924988,10217.44,78.19999999999993,9557,44,-8621.92810075012,-0.1716685256762291,-0.9021584284555948,-10139.24,Benchmark alignment 100%,100,benchmark_alignment
PRV036,Provider Group 36,Emergency,53390.31,44809.252238401066,12440.710000000001,2584.2000000000003,9580,40,-8581.057761598931,-0.16072313050062703,-0.8957262799163811,-9856.51,Benchmark alignment 100%,101,benchmark_alignment
PRV017,Provider Group 17,Emergency,64058.72,55580.30202216259,9910.460000000001,-557.3299999999999,9451,39,-8478.41797783741,-0.13235384624977534,-0.8970921572148354,-10467.79,Benchmark alignment 100%,102,benchmark_alignment
PRV030,Provider Group 30,Emergency,55008.42,46597.773440701414,9286.5,-477.8600000000001,9525,42,-8410.646559298584,-0.15289743932471764,-0.883007512787253,-9764.36,Benchmark alignment 100%,103,benchmark_alignment
PRV019,Provider Group 19,Emergency,52072.07,44107.32617815517,9248.66,-106.61000000000001,9585,43,-7964.74382184483,-0.15295615906655582,-0.8309591885075461,-9355.27,Benchmark alignment 100%,104,benchmark_alignment
PRV022,Provider Group 22,Emergency,53699.94,45811.6703097682,9262.960000000001,91.53999999999996,9597,44,-7888.269690231806,-0.14689531664712857,-0.8219516192801715,-9171.420000000002,Benchmark alignment 100%,105,benchmark_alignment
PRV034,Provider Group 34,Emergency,64006.55,56218.650146741,9158.100000000002,518.2000000000002,9511,49,-7787.899853259005,-0.12167348268667823,-0.8188308120343818,-8639.900000000001,Benchmark alignment 100%,106,benchmark_alignment
PRV028,Provider Group 28,Emergency,67538.29,59816.6511066705,9090.119999999999,172.45000000000005,9491,50,-7721.638893329495,-0.11432979563636414,-0.8135748491549357,-8917.669999999998,Benchmark alignment 100%,107,benchmark_alignment
PRV037,Provider Group 37,Emergency,53265.15,45647.45774530271,9892.94,1184.88,9543,44,-7617.692254697293,-0.14301456495846332,-0.7982492145758454,-8708.060000000001,Benchmark alignment 100%,108,benchmark_alignment
PRV006,Provider Group 06,Emergency,49837.65,42230.44785398545,10699.21,2052.92,9516,43,-7607.202146014548,-0.1526396639090035,-0.7994117429607553,-8646.289999999999,Benchmark alignment 100%,109,benchmark_alignment
PRV004,Provider Group 04,Professional,50438.35,43040.63728181316,8429.99,-40.279999999999916,9572,133,-7397.712718186842,-0.1466684123922936,-0.772849218364693,-8470.27,Benchmark alignment 100%,110,benchmark_alignment
PRV033,Provider Group 33,Emergency,49357.9,42046.78675902458,8871.429999999998,566.3399999999997,9456,49,-7311.113240975421,-0.1481244793837546,-0.773171874045624,-8305.089999999998,Benchmark alignment 100%,111,benchmark_alignment
PRV010,Provider Group 10,Emergency,48637.77,41718.156155262324,7757.979999999999,-4.589999999999918,9468,42,-6919.6138447376725,-0.14226832037607137,-0.7308421889245535,-7762.569999999999,Benchmark alignment 100%,112,benchmark_alignment
PRV021,Provider Group 21,Emergency,46387.62,39812.2628395384,7534.45,188.40999999999997,9546,50,-6575.357160461601,-0.14174810349100903,-0.6888075801866332,-7346.04,Benchmark alignment 100%,113,benchmark_alignment
PRV038,Provider Group 38,Professional,41175.47,34627.8866373918,7549.379999999999,97.60999999999999,9549,161,-6547.583362608202,-0.1590166029096499,-0.6856826225372502,-7451.7699999999995,Benchmark alignment 100%,114,benchmark_alignment
PRV007,Provider Group 07,Professional,40596.96,34138.88511906376,7485.51,174.20000000000005,9584,143,-6458.074880936241,-0.15907779501066685,-0.6738391987621287,-7311.31,Benchmark alignment 100%,115,benchmark_alignment
PRV028,Provider Group 28,Professional,39295.86,32861.86578242973,7442.16,115.88999999999996,9586,161,-6433.994217570267,-0.16373211370282434,-0.6711865447079353,-7326.2699999999995,Benchmark alignment 100%,116,benchmark_alignment
PRV018,Provider Group 18,Professional,50403.19,44052.08938702588,7294.58,145.2800000000001,9582,147,-6351.100612974122,-0.12600592567601618,-0.6628157600682657,-7149.3,Benchmark alignment 100%,117,benchmark_alignment
PRV011,Provider Group 11,Emergency,56057.06,49865.636184948955,7958.400000000001,977.49,9494,44,-6191.423815051043,-0.11044860031994262,-0.6521407009744093,-6980.910000000001,Benchmark alignment 100%,118,benchmark_alignment
PRV006,Provider Group 06,Professional,40044.03,33983.27633247722,7039.37,147.14999999999984,9547,164,-6060.753667522782,-0.151352240709109,-0.6348333159655161,-6892.22,Benchmark alignment 100%,119,benchmark_alignment
PRV002,Provider Group 02,Emergency,53923.16,47887.982380622794,7952.7,1090.7200000000003,9499,43,-6035.177619377209,-0.11192180909607688,-0.6353487334853363,-6861.98,Benchmark alignment 100%,120,benchmark_alignment
PRV012,Provider Group 12,Professional,43412.37,37380.43166201974,6861.33,3.1100000000000136,9552,152,-6031.93833798026,-0.13894515176158914,-0.6314843318656052,-6858.22,Benchmark alignment 100%,121,benchmark_alignment
PRV024,Provider Group 24,Emergency,53105.53,47129.992190292876,7088.98,340.7199999999998,9529,40,-5975.5378097071225,-0.1125219503450417,-0.6270897061294073,-6748.26,Benchmark alignment 100%,122,benchmark_alignment
PRV002,Provider Group 02,Professional,45492.71,39519.358824262825,7186.72,344.2799999999999,9588,161,-5973.351175737174,-0.13130348083763693,-0.6230028343488918,-6842.4400000000005,Benchmark alignment 100%,123,benchmark_alignment
PRV026,Provider Group 26,Professional,45828.07,40006.424603841486,6946.64,376.1300000000001,9612,163,-5821.645396158514,-0.1270323056624142,-0.6056643150393793,-6570.51,Benchmark alignment 100%,124,benchmark_alignment
PRV040,Provider Group 40,Professional,38149.59,32372.207008156398,6553.11,19.240000000000023,9589,151,-5777.382991843599,-0.15144023806923218,-0.602501094154093,-6533.87,Benchmark alignment 100%,125,benchmark_alignment
PRV025,Provider Group 25,Professional,39266.27,33558.75086329724,6968.0599999999995,482.3299999999999,9556,141,-5707.519136702758,-0.14535424772209732,-0.5972707342719504,-6485.73,Benchmark alignment 100%,126,benchmark_alignment
PRV017,Provider Group 17,Professional,47390.03,41717.59155888232,7229.25,727.9399999999999,9599,139,-5672.43844111768,-0.11969687381750296,-0.5909405605914866,-6501.31,Benchmark alignment 100%,127,benchmark_alignment
PRV020,Provider Group 20,Professional,42530.82,36889.48338191401,6887.450000000001,477.40999999999997,9595,145,-5641.336618085988,-0.13264114395363147,-0.5879454526405408,-6410.040000000001,Benchmark alignment 100%,128,benchmark_alignment
PRV001,Provider Group 01,Professional,44230.340000000004,38635.78691041357,6531.929999999999,100.58999999999995,9582,150,-5594.553089586436,-0.12648677558405463,-0.5838606856174531,-6431.339999999999,Benchmark alignment 100%,129,benchmark_alignment
PRV009,Provider Group 09,Professional,42927.19,37382.49609709419,6480.91,189.44,9580,147,-5544.693902905812,-0.1291650793565992,-0.5787780691968488,-6291.47,Benchmark alignment 100%,130,benchmark_alignment
PRV010,Provider Group 10,Professional,45131.72,39629.129105165295,6413.94,45.660000000000025,9561,164,-5502.590894834706,-0.12192291574162709,-0.5755246203153128,-6368.28,Benchmark alignment 100%,131,benchmark_alignment
PRV035,Provider Group 35,Professional,38160.52,32928.18186198937,6145.99,270.39000000000004,9542,144,-5232.338138010629,-0.13711391086941765,-0.5483481595064588,-5875.599999999999,Benchmark alignment 100%,132,benchmark_alignment
PRV018,Provider Group 18,Emergency,62887.47,57744.22280431639,6629.9400000000005,702.0699999999999,9556,44,-5143.247195683609,-0.08178492783512532,-0.538221765977774,-5927.870000000001,Benchmark alignment 100%,133,benchmark_alignment
PRV036,Provider Group 36,Professional,42299.58,37310.883956504105,6082.509999999999,397.55999999999995,9578,152,-4988.696043495896,-0.11793724768652304,-0.5208494511897992,-5684.949999999999,Benchmark alignment 100%,134,benchmark_alignment
PRV003,Provider Group 03,Professional,34585.62,29600.451042213168,6309.29,694.1200000000001,9594,158,-4985.168957786835,-0.1441399332377686,-0.5196131913473874,-5615.17,Benchmark alignment 100%,135,benchmark_alignment
PRV034,Provider Group 34,Professional,44463.18,39527.698610174935,5649.27,21.749999999999943,9597,150,-4935.481389825065,-0.11100153857247873,-0.5142733551969433,-5627.52,Benchmark alignment 100%,136,benchmark_alignment
PRV021,Provider Group 21,Professional,29511.23,24600.832049733963,5566.68,49.78,9577,151,-4910.397950266037,-0.16639082648422437,-0.5127281977932585,-5516.900000000001,Benchmark alignment 100%,137,benchmark_alignment
PRV008,Provider Group 08,Professional,41337.37,36458.499560108605,6152.25,554.05,9496,162,-4878.870439891398,-0.11802566152349309,-0.5137816385732306,-5598.2,Benchmark alignment 100%,138,benchmark_alignment
PRV023,Provider Group 23,Professional,31342.12,26484.396937145506,5792.74,305.30999999999995,9571,136,-4857.723062854493,-0.15499025154821988,-0.5075460310160373,-5487.43,Benchmark alignment 100%,139,benchmark_alignment
PRV014,Provider Group 14,Professional,37956.34,33101.174515241044,5668.65,184.12,9579,153,-4855.1654847589525,-0.12791447976171974,-0.5068551503036802,-5484.53,Benchmark alignment 100%,140,benchmark_alignment
PRV024,Provider Group 24,Professional,35855.07,31026.77515089091,5485.65,2.6000000000000085,9588,134,-4828.29484910909,-0.13466142582092547,-0.5035768511795046,-5483.049999999999,Benchmark alignment 100%,141,benchmark_alignment
PRV039,Provider Group 39,Professional,39834.73,35015.86281917328,5996.82,578.65,9583,150,-4818.8671808267245,-0.12097150353037975,-0.5028558051577506,-5418.17,Benchmark alignment 100%,142,benchmark_alignment
PRV011,Provider Group 11,Professional,35594.08,30775.58991481831,5661.41,105.81000000000007,9609,133,-4818.490085181693,-0.135373356613844,-0.5014559356001346,-5555.599999999999,Benchmark alignment 100%,143,benchmark_alignment
PRV033,Provider Group 33,Professional,36265.86,31641.684276108233,5564.24,270.25,9599,156,-4624.175723891767,-0.12750768143625346,-0.481735151983724,-5293.99,Benchmark alignment 100%,144,benchmark_alignment
PRV027,Provider Group 27,Professional,35982.88,31553.00646590638,5258.83,157.70999999999998,9558,149,-4429.873534093618,-0.1231105885380386,-0.463472853535637,-5101.12,Benchmark alignment 100%,145,benchmark_alignment
PRV030,Provider Group 30,Professional,31406.64,27004.315728702433,4990.08,82.73000000000002,9568,130,-4402.324271297566,-0.14017176849537444,-0.46010914206705333,-4907.35,Benchmark alignment 100%,146,benchmark_alignment
PRV031,Provider Group 31,Professional,36146.81,31826.022059185318,5059.719999999999,148.67999999999995,9510,169,-4320.78794081468,-0.11953441924238073,-0.45434152900259517,-4911.039999999999,Benchmark alignment 100%,147,benchmark_alignment
PRV007,Provider Group 07,Imaging,30608.36,26301.668387087513,4880.94,0.0,9514,48,-4306.6916129124875,-0.14070311551852133,-0.45266886829015,-4880.94,Benchmark alignment 100%,148,benchmark_alignment
PRV018,Provider Group 18,Imaging,29607.0,25306.16215060121,4369.07,-489.74,9547,49,-4300.837849398791,-0.14526422296750063,-0.4504910285323967,-4858.8099999999995,Benchmark alignment 100%,149,benchmark_alignment
PRV004,Provider Group 04,Imaging,28185.81,23985.286038645736,4737.629999999999,-116.02999999999997,9578,36,-4200.523961354265,-0.14902974089991614,-0.4385596117513328,-4853.659999999999,Benchmark alignment 100%,150,benchmark_alignment
PRV022,Provider Group 22,Professional,29102.54,24917.773949333805,4654.84,-14.439999999999998,9602,123,-4184.766050666196,-0.14379384241602952,-0.4358223339581541,-4669.28,Benchmark alignment 100%,151,benchmark_alignment
PRV039,Provider Group 39,Imaging,28829.21,24734.445347091994,5006.73,263.46999999999997,9537,42,-4094.764652908005,-0.14203527092514864,-0.4293556310063966,-4743.259999999999,Benchmark alignment 100%,152,benchmark_alignment
PRV037,Provider Group 37,Professional,31074.41,26979.87740640507,4656.5,-89.36000000000004,9562,148,-4094.5325935949295,-0.13176541706165715,-0.42820880501934006,-4745.86,Benchmark alignment 100%,153,benchmark_alignment
PRV019,Provider Group 19,Professional,31822.99,27775.314465311527,4690.7300000000005,85.08000000000004,9564,148,-4047.6755346884747,-0.12719343891596843,-0.423219942982902,-4605.650000000001,Benchmark alignment 100%,154,benchmark_alignment
PRV005,Provider Group 05,Professional,44161.29,40232.20536477954,4529.7,70.19000000000003,9609,179,-3929.0846352204608,-0.08897123782435841,-0.40889630921224485,-4459.51,Benchmark alignment 100%,155,benchmark_alignment
PRV009,Provider Group 09,Imaging,32400.65,28618.016247408686,4870.76,638.09,9496,53,-3782.633752591315,-0.11674561320810893,-0.398339695934216,-4232.67,Benchmark alignment 100%,156,benchmark_alignment
PRV020,Provider Group 20,Imaging,23076.05,19373.35305378284,4214.97,5.849999999999966,9375,40,-3702.6969462171583,-0.16045627159835232,-0.3949543409298302,-4209.12,Benchmark alignment 100%,157,benchmark_alignment
PRV032,Provider Group 32,Professional,30663.29,26982.75596736007,4440.97,289.9800000000001,9602,151,-3680.534032639931,-0.12003063052398914,-0.383309105669645,-4150.99,Benchmark alignment 100%,158,benchmark_alignment
PRV027,Provider Group 27,Imaging,22884.25,19207.35560091131,4272.72,24.819999999999993,9537,41,-3676.894399088691,-0.16067358113500294,-0.38553993908867473,-4247.900000000001,Benchmark alignment 100%,159,benchmark_alignment
PRV016,Provider Group 16,Professional,24943.0,21327.43847164822,4141.99,92.70000000000002,9599,122,-3615.56152835178,-0.1449529538688923,-0.376660227977058,-4049.29,Benchmark alignment 100%,160,benchmark_alignment
PRV010,Provider Group 10,Imaging,27110.41,23536.0838786436,4051.6600000000003,0.0,9546,42,-3574.3261213564,-0.1318433074732695,-0.37443181660972136,-4051.6600000000003,Benchmark alignment 100%,161,benchmark_alignment
PRV014,Provider Group 14,Imaging,25930.15,22391.417838155114,4262.820000000001,126.82999999999998,9533,48,-3538.7321618448877,-0.13647171967169058,-0.3712086606361993,-4135.990000000001,Benchmark alignment 100%,162,benchmark_alignment
PRV036,Provider Group 36,Imaging,26998.57,23492.294492950594,3667.7999999999997,-201.32999999999998,9503,47,-3506.275507049406,-0.12986893406018934,-0.36896511702087825,-3869.1299999999997,Benchmark alignment 100%,163,benchmark_alignment
PRV026,Provider Group 26,Imaging,24174.1,20789.664215067056,3887.14,-67.46000000000004,9580,40,-3384.4357849329426,-0.1400025558317763,-0.35328139717462864,-3954.6,Benchmark alignment 100%,164,benchmark_alignment
PRV038,Provider Group 38,Imaging,23408.39,20030.40674602397,3549.6400000000003,-150.4099999999999,9584,38,-3377.983253976028,-0.14430651804656486,-0.35246069010601294,-3700.05,Benchmark alignment 100%,165,benchmark_alignment
PRV038,Provider Group 38,Emergency,53814.35,50467.2881817548,3482.050000000001,-285.68000000000006,9552,42,-3347.0618182452017,-0.06219645537380274,-0.35040429420489966,-3767.7300000000014,Benchmark alignment 100%,166,benchmark_alignment
PRV015,Provider Group 15,Professional,32688.09,29402.5195305702,4265.8,492.8300000000001,9505,140,-3285.5704694298,-0.10051276992414669,-0.3456675927858811,-3772.9700000000003,Benchmark alignment 100%,167,benchmark_alignment
PRV023,Provider Group 23,Imaging,27360.079999999998,24119.133829454677,4259.57,636.6399999999999,9550,48,-3240.9461705453214,-0.11845528852785962,-0.3393660911565782,-3622.93,Benchmark alignment 100%,168,benchmark_alignment
PRV005,Provider Group 05,Imaging,21915.93,18699.056852882364,4109.65,460.1199999999999,9500,41,-3216.873147117636,-0.1467824156728752,-0.33861822601238273,-3649.5299999999997,Benchmark alignment 100%,169,benchmark_alignment
PRV001,Provider Group 01,Imaging,26939.97,23723.109001901208,4510.5199999999995,757.16,9529,40,-3216.860998098793,-0.1194084847941105,-0.33758642020136354,-3753.3599999999997,Benchmark alignment 100%,170,benchmark_alignment
PRV028,Provider Group 28,Imaging,20504.89,17308.16812911267,3655.44,0.0,9594,45,-3196.7218708873297,-0.15590046427400145,-0.3332001116205263,-3655.44,Benchmark alignment 100%,171,benchmark_alignment
PRV017,Provider Group 17,Imaging,26883.170000000002,23737.12592441866,4063.7200000000003,458.45,9528,42,-3146.0440755813433,-0.11702652907307223,-0.3301893446244063,-3605.2700000000004,Benchmark alignment 100%,172,benchmark_alignment
PRV015,Provider Group 15,Emergency,30738.94,27692.412225274264,3792.7700000000004,419.19000000000005,9548,34,-3046.527774725735,-0.09910972124366473,-0.31907496593273305,-3373.5800000000004,Benchmark alignment 100%,173,benchmark_alignment
PRV002,Provider Group 02,Imaging,15352.68,12341.833981334305,3379.67,0.0,9599,26,-3010.8460186656957,-0.19611208067032568,-0.3136624667846334,-3379.67,Benchmark alignment 100%,174,benchmark_alignment
PRV001,Provider Group 01,Pharmacy,15261.09,12334.082038901677,3446.94,104.82,9588,73,-2927.007961098323,-0.19179547208609102,-0.3052782604399586,-3342.12,Benchmark alignment 100%,175,benchmark_alignment
PRV029,Provider Group 29,Professional,46034.73,43164.92199914323,2855.63,-41.609999999999985,9559,167,-2869.8080008567704,-0.06234006370531054,-0.3002205252491652,-2897.2400000000002,Benchmark alignment 100%,176,benchmark_alignment
PRV008,Provider Group 08,Imaging,27687.99,24857.45600717444,3377.2,188.22000000000003,9528,47,-2830.53399282556,-0.10222966682758697,-0.2970753560900042,-3188.9799999999996,Benchmark alignment 100%,177,benchmark_alignment
PRV040,Provider Group 40,Imaging,23667.92,20900.05356511391,3829.56,683.5600000000001,9546,50,-2767.8664348860875,-0.1169459096906736,-0.28995039125142336,-3146.0,Benchmark alignment 100%,178,benchmark_alignment
PRV016,Provider Group 16,Imaging,14381.38,11624.468374269583,2830.42,-243.08999999999997,9536,31,-2756.911625730416,-0.19170007507835937,-0.2891056654499178,-3073.51,Benchmark alignment 100%,179,benchmark_alignment
PRV013,Provider Group 13,Professional,27345.64,24621.82572206244,3221.62,71.55000000000003,9607,147,-2723.8142779375594,-0.09960689447888436,-0.2835239177617945,-3150.0699999999997,Benchmark alignment 100%,180,benchmark_alignment
PRV015,Provider Group 15,Imaging,18496.01,15775.238952949227,3074.7400000000002,0.0,9540,34,-2720.771047050772,-0.1471004312308856,-0.2851961265252381,-3074.7400000000002,Benchmark alignment 100%,181,benchmark_alignment
PRV031,Provider Group 31,Emergency,35030.28,32325.888419686038,3306.3199999999997,331.64999999999986,9595,34,-2704.3915803139607,-0.07720154050478503,-0.2818542553740449,-2974.67,Benchmark alignment 100%,182,benchmark_alignment
PRV003,Provider Group 03,Imaging,24162.77,21466.830538482798,2964.6499999999996,0.0,9383,47,-2695.9394615172023,-0.11157410601173633,-0.28732169471567753,-2964.6499999999996,Benchmark alignment 100%,183,benchmark_alignment
PRV024,Provider Group 24,Imaging,18163.05,15480.415059860377,3032.56,0.0,9464,29,-2682.634940139622,-0.14769738233058996,-0.2834567772759533,-3032.56,Benchmark alignment 100%,184,benchmark_alignment
PRV026,Provider Group 26,Pharmacy,16487.64,13868.807104343352,3144.88,207.01,9608,80,-2618.8328956566475,-0.15883612789075013,-0.2725679533364537,-2937.87,Benchmark alignment 100%,185,benchmark_alignment
PRV025,Provider Group 25,Pharmacy,19231.54,16616.878542351733,2988.8599999999997,-35.7,9602,99,-2614.661457648268,-0.13595694664328847,-0.2723038385386657,-3024.5599999999995,Benchmark alignment 100%,186,benchmark_alignment
PRV031,Provider Group 31,Imaging,18506.83,15948.81798870194,2900.25,-47.18000000000001,9585,45,-2558.012011298062,-0.13821989024041728,-0.2668765791651604,-2947.43,Benchmark alignment 100%,187,benchmark_alignment
PRV019,Provider Group 19,Imaging,17334.34,14810.786419062611,2903.5,0.0,9470,32,-2523.5535809373887,-0.14558117476277657,-0.26647873082760176,-2903.5,Benchmark alignment 100%,188,benchmark_alignment
PRV028,Provider Group 28,Pharmacy,12622.53,10145.931445748649,2892.03,44.78999999999999,9523,71,-2476.5985542513517,-0.19620460828782754,-0.2600649537174579,-2847.2400000000002,Benchmark alignment 100%,189,benchmark_alignment
PRV036,Provider Group 36,Pharmacy,16853.09,14426.76778389932,2738.01,0.0,9548,85,-2426.3222161006797,-0.143968982311296,-0.25411837202562626,-2738.01,Benchmark alignment 100%,190,benchmark_alignment
PRV029,Provider Group 29,Imaging,27949.99,25661.079744005314,2417.8199999999997,0.0,9584,48,-2288.9102559946878,-0.08189306171467996,-0.23882619532498828,-2417.8199999999997,Benchmark alignment 100%,191,benchmark_alignment
PRV037,Provider Group 37,Pharmacy,14133.18,11902.242351636529,2544.5299999999997,17.75999999999999,9598,79,-2230.9376483634715,-0.15785107444775143,-0.23243776290513352,-2526.7699999999995,Benchmark alignment 100%,192,benchmark_alignment
PRV024,Provider Group 24,Pharmacy,15393.23,13218.36336120526,2535.5400000000004,67.61999999999999,9493,74,-2174.8666387947396,-0.1412872177440823,-0.22910214250444955,-2467.9200000000005,Benchmark alignment 100%,193,benchmark_alignment
PRV020,Provider Group 20,Pharmacy,15860.7,13691.451830359108,2522.64,57.84,9610,78,-2169.2481696408922,-0.13676875356326595,-0.22572821744442167,-2464.7999999999997,Benchmark alignment 100%,194,benchmark_alignment
PRV032,Provider Group 32,Imaging,16312.210000000001,14187.979642287894,2631.31,224.53999999999994,9556,44,-2124.2303577121074,-0.13022333317877266,-0.22229283776811506,-2406.77,Benchmark alignment 100%,195,benchmark_alignment
PRV037,Provider Group 37,Imaging,13633.0,11547.499997959023,2341.89,-27.739999999999952,9528,30,-2085.500002040977,-0.15297440050179542,-0.21888119248960716,-2369.6299999999997,Benchmark alignment 100%,196,benchmark_alignment
PRV022,Provider Group 22,Imaging,18793.88,16726.83918613648,2993.5600000000004,655.6499999999999,9584,45,-2067.040813863521,-0.10998478301785054,-0.21567621179711197,-2337.9100000000008,Benchmark alignment 100%,197,benchmark_alignment
PRV014,Provider Group 14,Pharmacy,13878.22,11832.093623854315,2371.6600000000003,37.74000000000005,9502,82,-2046.1263761456848,-0.14743435225451715,-0.21533638982800304,-2333.92,Benchmark alignment 100%,198,benchmark_alignment
PRV021,Provider Group 21,Pharmacy,10098.14,8055.348756313827,2355.29,51.780000000000015,9588,77,-2042.7912436861725,-0.20229381288892534,-0.21305707589551237,-2303.5099999999998,Benchmark alignment 100%,199,benchmark_alignment
PRV033,Provider Group 33,Imaging,14484.039999999999,12448.00928599771,2254.37,0.0,9540,30,-2036.0307140022887,-0.1405706359553197,-0.21342041027277658,-2254.37,Benchmark alignment 100%,200,benchmark_alignment
PRV035,Provider Group 35,Imaging,18627.31,16599.179697723754,2428.76,41.96000000000009,9583,38,-2028.1303022762477,-0.10887939816732783,-0.21163834939750054,-2386.8,Benchmark alignment 100%,201,benchmark_alignment
PRV033,Provider Group 33,Pharmacy,14096.74,12078.593310207048,2188.3900000000003,-133.49999999999997,9573,83,-2018.1466897929513,-0.1431640712528536,-0.2108165350248565,-2321.8900000000003,Benchmark alignment 100%,202,benchmark_alignment
PRV018,Provider Group 18,Pharmacy,15818.62,13814.251935415201,2094.7799999999997,-136.32000000000005,9579,75,-2004.3680645847999,-0.12670941362677654,-0.20924606582991961,-2231.1,Benchmark alignment 100%,203,benchmark_alignment
PRV011,Provider Group 11,Pharmacy,13589.26,11593.340802897077,2315.63,38.81,9557,72,-1995.9191971029231,-0.14687475234876093,-0.2088436954172777,-2276.82,Benchmark alignment 100%,204,benchmark_alignment
PRV034,Provider Group 34,Pharmacy,13533.8,11608.496139823692,2177.9100000000003,0.0,9507,77,-1925.3038601763074,-0.14225892655250613,-0.20251434313414404,-2177.9100000000003,Benchmark alignment 100%,205,benchmark_alignment
PRV004,Provider Group 04,Pharmacy,17340.87,15430.846407415254,2252.2799999999997,70.38999999999999,9522,73,-1910.0235925847446,-0.11014577657203732,-0.20059058943339053,-2181.89,Benchmark alignment 100%,206,benchmark_alignment
PRV005,Provider Group 05,Pharmacy,14195.4,12304.873797579396,2313.07,184.75,9556,77,-1890.526202420604,-0.133178790482875,-0.19783656366896232,-2128.32,Benchmark alignment 100%,207,benchmark_alignment
PRV017,Provider Group 17,Pharmacy,15303.39,13422.449497215472,2372.15,128.52999999999992,9555,69,-1880.9405027845278,-0.1229100547515634,-0.1968540557597622,-2243.6200000000003,Benchmark alignment 100%,208,benchmark_alignment
PRV010,Provider Group 10,Pharmacy,11756.03,9880.715763993123,2116.83,-47.15999999999997,9532,73,-1875.3142360068778,-0.15951934760347478,-0.19673879941322678,-2163.99,Benchmark alignment 100%,209,benchmark_alignment
PRV038,Provider Group 38,Pharmacy,12673.85,10876.241103825616,2018.72,-62.139999999999986,9535,73,-1797.6088961743844,-0.14183605582947442,-0.18852741438640633,-2080.86,Benchmark alignment 100%,210,benchmark_alignment
PRV030,Provider Group 30,Imaging,15596.880000000001,13840.81565511379,2165.5099999999998,161.35,9530,35,-1756.0643448862102,-0.11259074538537259,-0.18426698267431377,-2004.1599999999999,Benchmark alignment 100%,211,benchmark_alignment
PRV009,Provider Group 09,Pharmacy,12514.52,10786.79981979483,2032.8400000000001,7.520000000000039,9563,73,-1727.7201802051713,-0.13805724711816125,-0.18066717350257988,-2025.3200000000002,Benchmark alignment 100%,212,benchmark_alignment
PRV003,Provider Group 03,Pharmacy,11067.57,9344.168830011844,1967.48,46.44000000000001,9576,68,-1723.4011699881557,-0.15571631080608986,-0.1799708824131324,-1921.04,Benchmark alignment 100%,213,benchmark_alignment
PRV016,Provider Group 16,Pharmacy,11113.73,9404.237174442638,1894.3100000000002,-33.0,9570,67,-1709.4928255573614,-0.15381809937414004,-0.17863038929544006,-1927.3100000000002,Benchmark alignment 100%,214,benchmark_alignment
PRV004,Provider Group 04,Emergency,53043.13,51359.107021364645,2760.0099999999993,783.6700000000001,9483,40,-1684.022978635352,-0.03174818263242294,-0.17758335744335674,-1976.3399999999992,Benchmark alignment 100%,215,benchmark_alignment
PRV006,Provider Group 06,Pharmacy,11902.05,10228.359686296344,1811.7599999999998,-39.250000000000014,9493,68,-1673.6903137036552,-0.1406220200472738,-0.17630783879739337,-1851.0099999999998,Benchmark alignment 100%,216,benchmark_alignment
PRV015,Provider Group 15,Pharmacy,11300.4,9630.790077358262,1967.04,50.71999999999997,9606,70,-1669.6099226417373,-0.1477478604865082,-0.1738090696066768,-1916.32,Benchmark alignment 100%,217,benchmark_alignment
PRV032,Provider Group 32,Pharmacy,11084.08,9424.450836642085,1841.26,-12.319999999999993,9603,69,-1659.6291633579149,-0.14973089001143214,-0.17282403034030144,-1853.58,Benchmark alignment 100%,218,benchmark_alignment
PRV022,Provider Group 22,Pharmacy,11854.37,10211.836421639831,1897.79,22.39,9580,70,-1642.5335783601695,-0.1385593311462498,-0.1714544445052369,-1875.3999999999999,Benchmark alignment 100%,219,benchmark_alignment
PRV035,Provider Group 35,Pharmacy,13471.16,11830.050148124608,1909.44,73.28999999999998,9523,76,-1641.1098518753915,-0.12182394477353038,-0.1723311825974369,-1836.15,Benchmark alignment 100%,220,benchmark_alignment
PRV019,Provider Group 19,Pharmacy,9551.34,7926.182957953379,1891.62,36.46000000000001,9566,60,-1625.1570420466214,-0.17014963785674275,-0.16988888166910113,-1855.1599999999999,Benchmark alignment 100%,221,benchmark_alignment
PRV013,Provider Group 13,Pharmacy,11902.4,10278.413081793127,1932.4399999999998,102.35999999999999,9609,86,-1623.9869182068724,-0.13644197121646662,-0.16900686004858698,-1830.08,Benchmark alignment 100%,222,benchmark_alignment
PRV013,Provider Group 13,Imaging,11265.14,9678.160301620606,2240.23,385.2200000000001,9516,33,-1586.979698379393,-0.14087527526328064,-0.16676961941775884,-1855.01,Benchmark alignment 100%,223,benchmark_alignment
PRV021,Provider Group 21,Imaging,12629.6,11057.931854582332,1727.0600000000002,-32.19,9422,37,-1571.6681454176687,-0.1244432242840366,-0.16680833638480883,-1759.2500000000002,Benchmark alignment 100%,224,benchmark_alignment
PRV040,Provider Group 40,Pharmacy,13526.01,11971.350597027506,1806.5900000000001,17.57,9603,81,-1554.6594029724947,-0.11493850758446095,-0.16189309621706705,-1789.0200000000002,Benchmark alignment 100%,225,benchmark_alignment
PRV007,Provider Group 07,Pharmacy,12990.62,11512.704393649343,1919.85,191.89,9573,73,-1477.915606350658,-0.11376790379140163,-0.15438374661554977,-1727.96,Benchmark alignment 100%,226,benchmark_alignment
PRV008,Provider Group 08,Pharmacy,12547.89,11085.923575520708,1767.3700000000001,80.52000000000001,9525,62,-1461.9664244792912,-0.11651093725552991,-0.15348728865924316,-1686.8500000000001,Benchmark alignment 100%,227,benchmark_alignment
PRV023,Provider Group 23,Pharmacy,12581.49,11179.852891918477,1767.68,197.49,9538,71,-1401.6371080815225,-0.11140469913194084,-0.14695293647321478,-1570.19,Benchmark alignment 100%,228,benchmark_alignment
PRV025,Provider Group 25,Imaging,19101.35,17730.27502056756,1402.72,-134.12,9566,33,-1371.0749794324402,-0.07177895695500267,-0.14332793011001882,-1536.8400000000001,Benchmark alignment 100%,229,benchmark_alignment
PRV039,Provider Group 39,Pharmacy,11228.46,9884.825936611156,1628.8500000000001,78.69999999999999,9555,59,-1343.634063388843,-0.11966325421196167,-0.14062104274085224,-1550.15,Benchmark alignment 100%,230,benchmark_alignment
PRV002,Provider Group 02,Pharmacy,11654.31,10334.635814603913,1710.8799999999999,213.54999999999998,9608,69,-1319.6741853960866,-0.11323486207215071,-0.13735160131099985,-1497.33,Benchmark alignment 100%,231,benchmark_alignment
PRV012,Provider Group 12,Pharmacy,10667.98,9424.69596152508,1386.65,-46.89999999999998,9451,59,-1243.2840384749197,-0.11654352918499283,-0.1315505278250894,-1433.5500000000002,Benchmark alignment 100%,232,benchmark_alignment
PRV034,Provider Group 34,Imaging,14920.220000000001,13789.005766568125,1375.3700000000001,132.06,9581,28,-1131.214233431876,-0.07581753040048175,-0.11806849320862917,-1243.3100000000002,Benchmark alignment 100%,233,benchmark_alignment
PRV011,Provider Group 11,Imaging,19956.71,18851.983679323566,1493.2599999999998,221.94999999999996,9445,38,-1104.7263206764328,-0.05535613438670166,-0.1169641419456255,-1271.3099999999997,Benchmark alignment 100%,234,benchmark_alignment
PRV027,Provider Group 27,Pharmacy,12449.33,11418.650292377835,1292.18,134.9,9606,75,-1030.6797076221646,-0.08278997404857648,-0.10729540991278,-1157.28,Benchmark alignment 100%,235,benchmark_alignment
PRV030,Provider Group 30,Pharmacy,7860.94,6916.8499049260745,1064.6699999999998,13.639999999999986,9584,53,-944.0900950739251,-0.12009888067761937,-0.09850689639752976,-1051.0299999999997,Benchmark alignment 100%,236,benchmark_alignment
PRV012,Provider Group 12,Imaging,19308.36,18374.83112205806,1084.91,-2.340000000000032,9547,38,-933.5288779419388,-0.04834842927840266,-0.09778243196207592,-1087.25,Benchmark alignment 100%,237,benchmark_alignment
PRV006,Provider Group 06,Imaging,16181.16,15265.120008445056,894.8699999999999,-145.74,9475,36,-916.0399915549442,-0.05661151558695077,-0.09667968248600994,-1040.61,Benchmark alignment 100%,238,benchmark_alignment
PRV031,Provider Group 31,Pharmacy,8288.69,7400.844176470084,1089.13,77.11000000000004,9594,62,-887.8458235299167,-0.10711533710754254,-0.09254177856263464,-1012.0200000000001,Benchmark alignment 100%,239,benchmark_alignment
PRV006,Provider Group 06,Lab,3524.3,2799.380001519042,831.9599999999999,0.0,9474,40,-724.9199984809584,-0.2056919100192828,-0.0765167826135696,-831.9599999999999,Benchmark alignment 100%,240,benchmark_alignment
PRV009,Provider Group 09,Lab,4062.75,3402.3002800910335,744.9499999999999,4.239999999999995,9574,44,-660.4497199089665,-0.16256223491698146,-0.0689836766146821,-740.7099999999999,Benchmark alignment 100%,241,benchmark_alignment
PRV023,Provider Group 23,Lab,3238.83,2619.269540233799,695.3199999999999,0.0,9548,37,-619.5604597662009,-0.1912914415903894,-0.0648890301388983,-695.3199999999999,Benchmark alignment 100%,242,benchmark_alignment
PRV035,Provider Group 35,Lab,3304.88,2696.483045744692,698.6600000000001,0.0,9585,31,-608.3969542553082,-0.18409048263637656,-0.06347386064218134,-698.6600000000001,Benchmark alignment 100%,243,benchmark_alignment
PRV020,Provider Group 20,Lab,3529.38,2942.119758906649,650.23,-2.0,9542,33,-587.2602410933509,-0.16639189917020863,-0.0615447747949435,-652.23,Benchmark alignment 100%,244,benchmark_alignment
PRV005,Provider Group 05,Lab,3168.96,2599.1023291243932,684.7199999999999,23.14,9497,39,-569.8576708756068,-0.1798248229310584,-0.060003966607940065,-661.5799999999999,Benchmark alignment 100%,245,benchmark_alignment
PRV026,Provider Group 26,Lab,4580.09,4017.115995227534,631.73,-4.200000000000017,9529,46,-562.9740047724663,-0.12291767296548022,-0.0590800718619442,-635.9300000000001,Benchmark alignment 100%,246,benchmark_alignment
PRV038,Provider Group 38,Lab,2719.68,2184.2304952274253,619.4,29.889999999999993,9466,32,-535.4495047725745,-0.1968795978837858,-0.0565655508950533,-589.51,Benchmark alignment 100%,247,benchmark_alignment
PRV039,Provider Group 39,Lab,3290.25,2812.78062659923,520.47,-18.200000000000003,9478,38,-477.4693734007701,-0.1451164420335142,-0.05037659563207112,-538.6700000000001,Benchmark alignment 100%,248,benchmark_alignment
PRV015,Provider Group 15,Lab,2739.67,2266.8405077275365,534.4499999999999,0.8900000000000006,9449,34,-472.82949227246354,-0.1725862940691629,-0.05004016216239428,-533.56,Benchmark alignment 100%,249,benchmark_alignment
PRV017,Provider Group 17,Lab,3751.16,3283.8595020868165,714.67,196.7,9608,38,-467.30049791318334,-0.12457493093154741,-0.04863660469537712,-517.97,Benchmark alignment 100%,250,benchmark_alignment
PRV001,Provider Group 01,Lab,3606.51,3150.8431563429,512.76,-3.1300000000000026,9509,38,-455.66684365710034,-0.12634564819093813,-0.04791953345852354,-515.89,Benchmark alignment 100%,251,benchmark_alignment
PRV029,Provider Group 29,Pharmacy,10281.39,9826.948286583634,353.55000000000007,-84.25999999999999,9514,61,-454.441713416365,-0.04420041584030613,-0.04776557845452649,-437.81000000000006,Benchmark alignment 100%,252,benchmark_alignment
PRV037,Provider Group 37,Lab,2645.31,2193.3955074680703,507.91,-9.11,9460,30,-451.9144925319297,-0.17083611846321592,-0.0477710880054894,-517.02,Benchmark alignment 100%,253,benchmark_alignment
PRV032,Provider Group 32,Lab,3172.2799999999997,2732.728087052401,485.71999999999997,-3.2799999999999976,9416,40,-439.5519129475988,-0.1385602509701536,-0.04668138412782485,-488.99999999999994,Benchmark alignment 100%,254,benchmark_alignment
PRV024,Provider Group 24,Lab,2677.05,2267.8841777367657,469.73,0.0,9493,30,-409.16582226323453,-0.15284205459861958,-0.043101845808831196,-469.73,Benchmark alignment 100%,255,benchmark_alignment
PRV002,Provider Group 02,Lab,2299.39,1903.3632123782074,489.27,31.439999999999998,9418,26,-396.02678762179244,-0.17223123855535272,-0.04204998806772058,-457.83,Benchmark alignment 100%,256,benchmark_alignment
PRV040,Provider Group 40,Lab,3496.93,3114.7723616070116,383.9,-47.03999999999999,9507,43,-382.15763839298825,-0.10928375414806367,-0.040197500619857815,-430.93999999999994,Benchmark alignment 100%,257,benchmark_alignment
PRV025,Provider Group 25,Lab,3597.52,3216.7341727425473,456.7199999999999,17.540000000000006,9529,41,-380.78582725745264,-0.10584675756005599,-0.03996073326240452,-439.1799999999999,Benchmark alignment 100%,258,benchmark_alignment
PRV004,Provider Group 04,Lab,3008.31,2631.0276861245216,461.65000000000003,35.520000000000024,9511,27,-377.2823138754784,-0.12541337623964233,-0.039667996412099504,-426.13,Benchmark alignment 100%,259,benchmark_alignment
PRV034,Provider Group 34,Lab,2804.63,2427.709231412192,410.52000000000004,-26.560000000000002,9464,37,-376.9207685878082,-0.13439233288804875,-0.0398267929615182,-437.08000000000004,Benchmark alignment 100%,260,benchmark_alignment
PRV036,Provider Group 36,Lab,3552.54,3182.1613355445234,471.26,40.540000000000006,9517,42,-370.3786644554766,-0.10425742270473425,-0.03891758584170186,-430.71999999999997,Benchmark alignment 100%,261,benchmark_alignment
PRV033,Provider Group 33,Lab,2000.04,1638.4187718642365,467.90999999999997,53.05,9474,32,-361.62122813576343,-0.18080699792792315,-0.038169857307975875,-414.85999999999996,Benchmark alignment 100%,262,benchmark_alignment
PRV016,Provider Group 16,Lab,2645.62,2299.140074477402,400.78000000000003,9.890000000000011,9466,35,-346.479925522598,-0.13096360230214393,-0.03660256977842785,-390.89000000000004,Benchmark alignment 100%,263,benchmark_alignment
PRV013,Provider Group 13,Lab,2706.22,2363.657000155699,393.74000000000007,13.079999999999998,9544,44,-342.562999844301,-0.12658357407908485,-0.03589302177748334,-380.6600000000001,Benchmark alignment 100%,264,benchmark_alignment
PRV030,Provider Group 30,Lab,3079.9900000000002,2738.8232286521143,430.42,47.27000000000001,9599,35,-341.16677134788597,-0.11076879189474184,-0.03554190763078299,-383.15,Benchmark alignment 100%,265,benchmark_alignment
PRV010,Provider Group 10,Lab,1750.93,1422.9494623297323,376.76000000000005,0.6200000000000045,9530,26,-327.9805376702677,-0.1873179040111642,-0.03441558632426734,-376.14000000000004,Benchmark alignment 100%,266,benchmark_alignment
PRV018,Provider Group 18,Lab,3706.82,3382.711295568837,393.45,23.66000000000001,9483,35,-324.108704431163,-0.08743578172966666,-0.03417786612160319,-369.78999999999996,Benchmark alignment 100%,267,benchmark_alignment
PRV014,Provider Group 14,Lab,2488.63,2178.9573049067185,381.21,37.13000000000001,9575,34,-309.6726950932816,-0.12443500845576948,-0.03234179583219651,-344.08,Benchmark alignment 100%,268,benchmark_alignment
PRV008,Provider Group 08,Lab,2705.93,2399.4574939789004,377.5,22.250000000000007,9560,36,-306.47250602109943,-0.11325958395860183,-0.0320577935168514,-355.25,Benchmark alignment 100%,269,benchmark_alignment
PRV028,Provider Group 28,Lab,2122.76,1829.1493903339308,395.19000000000005,63.91000000000001,9526,31,-293.6106096660694,-0.1383154994752442,-0.030822024949198973,-331.28000000000003,Benchmark alignment 100%,270,benchmark_alignment
PRV031,Provider Group 31,Lab,2316.03,2027.6548993639942,319.14,0.0,9596,36,-288.375100636006,-0.12451267929862997,-0.030051594480617547,-319.14,Benchmark alignment 100%,271,benchmark_alignment
PRV029,Provider Group 29,Lab,2980.75,2718.5807710733056,283.6500000000001,0.0,9574,33,-262.16922892669436,-0.08795411521486014,-0.027383458212522912,-283.6500000000001,Benchmark alignment 100%,272,benchmark_alignment
PRV027,Provider Group 27,Lab,2801.7,2545.156914162908,289.06000000000006,0.0,9506,37,-256.5430858370919,-0.09156693644469141,-0.02698749062035471,-289.06000000000006,Benchmark alignment 100%,273,benchmark_alignment
PRV011,Provider Group 11,Lab,2193.98,1970.1721054118548,247.29999999999995,0.0,9600,25,-223.80789458814525,-0.10200999762447481,-0.023313322352931796,-247.29999999999995,Benchmark alignment 100%,274,benchmark_alignment
PRV003,Provider Group 03,Lab,2269.82,2058.7191618461975,237.64999999999995,0.0,9423,34,-211.10083815380267,-0.0930033386584851,-0.022402720805879513,-237.64999999999995,Benchmark alignment 100%,275,benchmark_alignment
PRV012,Provider Group 12,Lab,2370.72,2160.5121663657787,194.39000000000001,-40.06999999999999,9607,30,-210.20783363422106,-0.0886683512326302,-0.021880694663705742,-234.46,Benchmark alignment 100%,276,benchmark_alignment
PRV022,Provider Group 22,Lab,1822.51,1634.9788470697645,181.68000000000004,-37.349999999999994,9456,23,-187.53115293023552,-0.1028971873571259,-0.0198319747176645,-219.03000000000003,Benchmark alignment 100%,277,benchmark_alignment
PRV021,Provider Group 21,Lab,2237.24,2064.3658451160845,252.14000000000001,56.50000000000001,9555,38,-172.87415488391525,-0.07727117112331054,-0.018092533216526974,-195.64000000000001,Benchmark alignment 100%,278,benchmark_alignment
PRV007,Provider Group 07,Lab,2973.67,2809.881285242118,205.67999999999995,16.490000000000002,9483,30,-163.7887147578822,-0.05507965401604152,-0.01727182481892673,-189.18999999999994,Benchmark alignment 100%,279,benchmark_alignment
PRV019,Provider Group 19,Lab,2062.29,1918.2852525875658,225.82,60.029999999999994,9539,38,-144.0047474124342,-0.06982759331249931,-0.015096419688901793,-165.79,Benchmark alignment 100%,280,benchmark_alignment
